INSERT INTO auth.users (instance_id,id,aud,role,email,encrypted_password,email_confirmed_at,invited_at,confirmation_token,confirmation_sent_at,recovery_token,recovery_sent_at,email_change_token_new,email_change,email_change_sent_at,last_sign_in_at,raw_app_meta_data,raw_user_meta_data,is_super_admin,created_at,updated_at,phone,phone_confirmed_at,phone_change,phone_change_token,phone_change_sent_at,email_change_token_current,email_change_confirm_status,banned_until,reauthentication_token,reauthentication_sent_at,is_sso_user,deleted_at,is_anonymous) VALUES ('3dcce8b2-d93e-5155-9a50-a529057e4a9a', '0f5d546a-dd80-5406-a005-a4f3061b9fb4', 'guest_45', 'analyst', 'Dubitia afferenim vitam et hoc possit ipsum.', '2a$10$Ity4vS1tA2BFEgDBqnzDsepiraX4N5C.mMrpz8ji5G5fcvYxU6g6u', '2020-02-10T13:34:50.000Z', '2020-03-07T03:00:57.000Z', 'Videant qui et restatem eas causa epicipsa.', '2020-12-28T11:35:00.000Z', 'Graecistius ab esse verum libervi, periis sit vire vitamicar voluptatem atione fortibus eo.', '2020-01-09T00:49:11.000Z', 'Concere ego nihil intellegan intera.', 'client.service@organization.com', '2020-10-02T09:19:38.000Z', '2020-08-16T19:13:05.000Z', '{"Dolorum":"Inor placet si"}', '{"Ulere":"Docti es saturei"}', 't', '2020-06-06T05:41:47.000Z', '2020-03-11T02:10:13.000Z', DEFAULT, '2020-03-11T02:53:19.000Z', DEFAULT, DEFAULT, '2020-12-24T11:30:02.000Z', DEFAULT, DEFAULT, '2020-06-10T05:08:46.000Z', DEFAULT, '2020-06-26T17:49:35.000Z', DEFAULT, '2020-03-23T14:25:27.000Z', DEFAULT), ('6e9ec33d-2e0a-5b02-8e2d-f0d1c5040b5f', '5fef9e7c-116a-5504-a6ae-d16f4442d448', 'techsupport', 'intern', 'Quod voluptas gere cernimis eadem omi.', '2a$10$w.1D1h2X9Ie9xxF6m1SsIUqZwjKpHE9o/AiZeG9sm.uLgG9Ir2Osa', '2020-02-26T13:38:22.000Z', '2020-03-23T14:40:28.000Z', 'Epicium confirmissum inem andae dolordinem nec util.', '2020-10-18T22:13:30.000Z', 'Rerum dum orum amiciti quam, insequimur aut maximus dis ad illus.', '2020-09-25T08:22:24.000Z', 'Se eius et continere sedatum et, vituptas iudicarte necest in omnesque saepe spatio.', 'account.holder@bank.com', '2020-06-18T17:21:57.000Z', '2020-03-27T14:58:22.000Z', '{"Ali":"Tentiae est"}', '{"Recte":"Aequo faciturnit physici"}', 't', '2020-01-17T12:52:35.000Z', '2020-05-25T17:01:44.000Z', DEFAULT, '2020-07-19T18:13:25.000Z', DEFAULT, DEFAULT, '2020-06-22T05:10:29.000Z', DEFAULT, DEFAULT, '2020-04-04T15:27:18.000Z', DEFAULT, '2020-06-06T17:32:29.000Z', DEFAULT, '2020-08-12T20:00:19.000Z', DEFAULT), ('493e0e3d-0db0-5675-8b80-e9aee6e49834', '5ac46069-d153-5b50-a0be-8a017d379243', 'tom_34', 'guest', 'Utionest natorum voluptatib voluptate sit de solidie graeciste, a etiam ipsa potest quae.', '2a$10$T5hWIUl3hGx2iPNiX7oUcuHHdhe9QOj6MkTk1lVC6fX1t2wXliwM6', '2020-03-19T03:03:29.000Z', '2020-03-19T14:02:18.000Z', 'Es susciplinam beate cum omnes, orest detere assuevergo enim ferre inbecilit peritia ipsas.', '2020-07-19T18:34:10.000Z', 'A isset philos via consequam.', '2020-08-04T19:41:54.000Z', 'Anim praesenimos tamquam cum habensa virtus, corpore qui ambigua quid se quieti consilio voluptatib.', 'username@domain.co.uk', '2020-05-13T16:18:40.000Z', '2020-06-06T17:45:25.000Z', '{"Quid":"Graeca defuitatem"}', '{"Ipso":"Ad quorum"}', 't', '2020-02-26T13:44:11.000Z', '2020-03-15T14:17:38.000Z', DEFAULT, '2020-04-24T15:47:54.000Z', DEFAULT, DEFAULT, '2020-05-09T04:17:32.000Z', DEFAULT, DEFAULT, '2020-02-02T01:18:30.000Z', DEFAULT, '2020-06-18T06:02:16.000Z', DEFAULT, '2020-03-23T14:10:39.000Z', DEFAULT), ('69e449b5-11f0-513e-8bc4-f52a33b36510', '5f2c632c-1003-5d3e-94f5-6085899aa359', 'manager_78', 'editor', 'Ratio est quia eteniunt et vituperrit, exista causamur dominiucun etur et.', '2a$10$ewO2F9XXASFt1JWrU1yw6.GZ7DJuzYR2gY6KFWWii8RdXA25N1vEq', '2020-12-12T11:31:28.000Z', '2020-08-16T07:57:21.000Z', 'Quasi vacilitis utam ad dolordam sunt epicium quid, modo ad pore e dissenseruer in.', '2020-08-12T08:00:54.000Z', 'Maximpedit et segniorem stabil brute maloritum endum quos.', '2020-09-13T20:37:41.000Z', 'Et non quod nec bonum epicaris magisse cur.', 'account.holder@bank.com', '2020-11-23T23:08:38.000Z', '2020-06-06T05:48:26.000Z', '{"Enimi":"Idem fieri"}', '{"Quidem":"Eptricest ius"}', 'f', '2020-10-14T21:49:12.000Z', '2020-11-03T10:50:29.000Z', DEFAULT, '2020-01-13T12:12:47.000Z', DEFAULT, DEFAULT, '2020-10-02T21:18:35.000Z', DEFAULT, DEFAULT, '2020-04-20T04:00:32.000Z', DEFAULT, '2020-10-18T09:33:18.000Z', DEFAULT, '2020-04-08T15:48:48.000Z', DEFAULT), ('6e299974-a424-5920-be37-6644fdaa15c1', '71c8f57c-aae5-5ac8-8fc0-a1ff399b17b8', 'finance_dept', 'intern', 'Et causae evero tellegi abo frui prompta carerrorem.', '2a$10$KGEziw4RzEj5LBMdyqgqMelF.j8nCjDc4j1DPrrlPb9C5gsteQ8bO', '2020-02-26T02:02:43.000Z', '2020-05-05T04:59:53.000Z', 'Epicabo duci calerit natur recteque aeque sapientia, eo possine ad capti petentur faciunturpis tamusu itus.', '2020-08-04T08:02:31.000Z', 'Bonum in sine perant quae cur recte, sed intelosop ferreum at ait nosmetu conferre efficer.', '2020-07-27T18:37:54.000Z', 'Latinesse plerum nec bonumque qua.', 'social.media@user.com', '2020-01-09T12:27:31.000Z', '2020-10-22T21:30:27.000Z', '{"Diuturo":"Quasi metu tur"}', '{"Esse":"Praeclare natus mihi"}', 't', '2020-02-06T01:36:17.000Z', '2020-01-05T00:01:49.000Z', DEFAULT, '2020-11-03T10:49:18.000Z', DEFAULT, DEFAULT, '2020-11-27T11:02:39.000Z', DEFAULT, DEFAULT, '2020-04-08T03:42:16.000Z', DEFAULT, '2020-03-07T15:04:13.000Z', DEFAULT, '2020-06-06T17:55:18.000Z', DEFAULT);
INSERT INTO public.task_lists (id,created_at,name,user_id) VALUES (101, DEFAULT, 'Content Calendar', NULL), (102, DEFAULT, 'Sales Training Plan', NULL), (103, DEFAULT, 'Customer Feedback Action Items', NULL), (104, DEFAULT, 'Risk Mitigation Action Plan', NULL), (105, DEFAULT, 'Sales Training Plan', NULL), (106, DEFAULT, 'Feature Development Roadmap', NULL), (107, DEFAULT, 'UI/UX Enhancements', NULL), (108, DEFAULT, 'Weekly Tasks', NULL), (109, DEFAULT, 'Research and Analysis', NULL), (110, DEFAULT, 'Content Calendar', NULL), (111, DEFAULT, 'Training Sessions Schedule', NULL), (112, DEFAULT, 'Risk Mitigation Action Plan', NULL), (113, DEFAULT, 'UI/UX Enhancements', NULL), (114, DEFAULT, 'Sales Training Plan', NULL), (115, DEFAULT, 'Feature Development Roadmap', NULL), (116, DEFAULT, 'UI/UX Enhancements', NULL), (117, DEFAULT, 'Sales Training Plan', NULL), (118, DEFAULT, 'Feature Development Roadmap', NULL), (119, DEFAULT, 'Customer Feedback Action Items', NULL), (120, DEFAULT, 'UI/UX Enhancements', NULL), (121, DEFAULT, 'Content Calendar', NULL), (122, DEFAULT, 'Content Calendar', NULL), (123, DEFAULT, 'Personal Development Goals', NULL), (124, DEFAULT, 'Research and Analysis', NULL), (125, DEFAULT, 'Training Sessions Schedule', NULL);
INSERT INTO public.tasks (id,created_at,title,description,priority,user_id,due_date,completed,task_list_id) VALUES (51, DEFAULT, 'Create social media content calendar', 'Implement JWT token generation for session management', DEFAULT, '0f5d546a-dd80-5406-a005-a4f3061b9fb4', '2020-01-21', DEFAULT, 101), (52, DEFAULT, 'Facilitate team brainstorming session', 'Create task progress tracking feature with percentage completion', DEFAULT, '0f5d546a-dd80-5406-a005-a4f3061b9fb4', '2020-05-13', DEFAULT, 101), (53, DEFAULT, 'Plan annual company retreat', 'Add password reset feature using email verification', DEFAULT, '0f5d546a-dd80-5406-a005-a4f3061b9fb4', '2020-06-10', DEFAULT, 101), (54, DEFAULT, 'Coordinate workshop for staff training', 'Develop bulk actions feature for task management', DEFAULT, '0f5d546a-dd80-5406-a005-a4f3061b9fb4', '2020-11-07', DEFAULT, 101), (55, DEFAULT, 'Prepare presentation for client meeting', 'Design user profile page with editable fields', DEFAULT, '0f5d546a-dd80-5406-a005-a4f3061b9fb4', '2020-08-24', DEFAULT, 101), (56, DEFAULT, 'Set up project management tool', 'Design user-friendly task creation form with validation', DEFAULT, '0f5d546a-dd80-5406-a005-a4f3061b9fb4', '2020-10-02', DEFAULT, 102), (57, DEFAULT, 'Create social media content calendar', 'Add password reset feature using email verification', DEFAULT, '0f5d546a-dd80-5406-a005-a4f3061b9fb4', '2020-05-13', DEFAULT, 102), (58, DEFAULT, 'Plan annual company retreat', 'Design dashboard for displaying tasks and upcoming deadlines', DEFAULT, '0f5d546a-dd80-5406-a005-a4f3061b9fb4', '2020-10-02', DEFAULT, 102), (59, DEFAULT, 'Draft proposal for new project', 'Create API endpoints for task creation, update, and deletion', DEFAULT, '0f5d546a-dd80-5406-a005-a4f3061b9fb4', '2020-05-01', DEFAULT, 102), (60, DEFAULT, 'Research industry trends', 'Implement two-factor authentication using SMS verification', DEFAULT, '0f5d546a-dd80-5406-a005-a4f3061b9fb4', '2020-11-07', DEFAULT, 102), (61, DEFAULT, 'Write blog post about latest trends', 'Develop bulk actions feature for task management', DEFAULT, '0f5d546a-dd80-5406-a005-a4f3061b9fb4', '2020-07-19', DEFAULT, 103), (62, DEFAULT, 'Arrange travel accommodations for team', 'Integrate Google OAuth for user login', DEFAULT, '0f5d546a-dd80-5406-a005-a4f3061b9fb4', '2020-05-25', DEFAULT, 103), (63, DEFAULT, 'Facilitate team brainstorming session', 'Implement role-based access control for task permissions', DEFAULT, '0f5d546a-dd80-5406-a005-a4f3061b9fb4', '2020-07-07', DEFAULT, 103), (64, DEFAULT, 'Develop marketing campaign', 'Implement two-factor authentication using SMS verification', DEFAULT, '0f5d546a-dd80-5406-a005-a4f3061b9fb4', '2020-07-15', DEFAULT, 103), (65, DEFAULT, 'Brainstorm ideas for product launch', 'Add password reset feature using email verification', DEFAULT, '0f5d546a-dd80-5406-a005-a4f3061b9fb4', '2020-12-08', DEFAULT, 103), (66, DEFAULT, 'Facilitate team brainstorming session', 'Develop task list component with drag-and-drop functionality', DEFAULT, '0f5d546a-dd80-5406-a005-a4f3061b9fb4', '2020-10-18', DEFAULT, 104), (67, DEFAULT, 'Prepare presentation for client meeting', 'Develop task filtering functionality by status and tags', DEFAULT, '0f5d546a-dd80-5406-a005-a4f3061b9fb4', '2020-04-08', DEFAULT, 104), (68, DEFAULT, 'Develop marketing campaign', 'Design dashboard for displaying tasks and upcoming deadlines', DEFAULT, '0f5d546a-dd80-5406-a005-a4f3061b9fb4', '2020-10-26', DEFAULT, 104), (69, DEFAULT, 'Design logo for website', 'Design notification system for task reminders', DEFAULT, '0f5d546a-dd80-5406-a005-a4f3061b9fb4', '2020-12-08', DEFAULT, 104), (70, DEFAULT, 'Prepare presentation for client meeting', 'Integrate third-party task synchronization service', DEFAULT, '0f5d546a-dd80-5406-a005-a4f3061b9fb4', '2020-07-07', DEFAULT, 104), (71, DEFAULT, 'Research industry trends', 'Add dark mode toggle option to enhance user experience', DEFAULT, '0f5d546a-dd80-5406-a005-a4f3061b9fb4', '2020-09-01', DEFAULT, 105), (72, DEFAULT, 'Plan annual company retreat', 'Develop task filtering functionality by status and tags', DEFAULT, '0f5d546a-dd80-5406-a005-a4f3061b9fb4', '2020-08-16', DEFAULT, 105), (73, DEFAULT, 'Edit video for marketing campaign', 'Implement JWT token generation for session management', DEFAULT, '0f5d546a-dd80-5406-a005-a4f3061b9fb4', '2020-07-15', DEFAULT, 105), (74, DEFAULT, 'Create social media content calendar', 'Implement two-factor authentication using SMS verification', DEFAULT, '0f5d546a-dd80-5406-a005-a4f3061b9fb4', '2020-11-23', DEFAULT, 105), (75, DEFAULT, 'Develop marketing campaign', 'Implement role-based access control for task permissions', DEFAULT, '0f5d546a-dd80-5406-a005-a4f3061b9fb4', '2020-03-19', DEFAULT, 105), (76, DEFAULT, 'Coordinate workshop for staff training', 'Design user profile page with editable fields', DEFAULT, '5fef9e7c-116a-5504-a6ae-d16f4442d448', '2020-01-25', DEFAULT, 106), (77, DEFAULT, 'Prepare presentation for client meeting', 'Implement JWT token generation for session management', DEFAULT, '5fef9e7c-116a-5504-a6ae-d16f4442d448', '2020-05-17', DEFAULT, 106), (78, DEFAULT, 'Edit video for marketing campaign', 'Create task detail view with due date and priority', DEFAULT, '5fef9e7c-116a-5504-a6ae-d16f4442d448', '2020-04-08', DEFAULT, 106), (79, DEFAULT, 'Coordinate workshop for staff training', 'Integrate Google OAuth for user login', DEFAULT, '5fef9e7c-116a-5504-a6ae-d16f4442d448', '2020-11-11', DEFAULT, 106), (80, DEFAULT, 'Create social media content calendar', 'Integrate third-party task synchronization service', DEFAULT, '5fef9e7c-116a-5504-a6ae-d16f4442d448', '2020-08-28', DEFAULT, 106), (81, DEFAULT, 'Organize team building event', 'Develop bulk actions feature for task management', DEFAULT, '5fef9e7c-116a-5504-a6ae-d16f4442d448', '2020-10-18', DEFAULT, 107), (82, DEFAULT, 'Plan annual company retreat', 'Implement role-based access control for task permissions', DEFAULT, '5fef9e7c-116a-5504-a6ae-d16f4442d448', '2020-05-17', DEFAULT, 107), (83, DEFAULT, 'Plan annual company retreat', 'Integrate third-party task synchronization service', DEFAULT, '5fef9e7c-116a-5504-a6ae-d16f4442d448', '2020-06-10', DEFAULT, 107), (84, DEFAULT, 'Organize team building event', 'Add dark mode toggle option to enhance user experience', DEFAULT, '5fef9e7c-116a-5504-a6ae-d16f4442d448', '2020-10-06', DEFAULT, 107), (85, DEFAULT, 'Research industry trends', 'Implement automatic session timeout for security', DEFAULT, '5fef9e7c-116a-5504-a6ae-d16f4442d448', '2020-01-13', DEFAULT, 107), (86, DEFAULT, 'Plan annual company retreat', 'Integrate third-party task synchronization service', DEFAULT, '5fef9e7c-116a-5504-a6ae-d16f4442d448', '2020-06-06', DEFAULT, 108), (87, DEFAULT, 'Brainstorm ideas for product launch', 'Create task progress tracking feature with percentage completion', DEFAULT, '5fef9e7c-116a-5504-a6ae-d16f4442d448', '2020-06-22', DEFAULT, 108), (88, DEFAULT, 'Draft proposal for new project', 'Design user profile page with editable fields', DEFAULT, '5fef9e7c-116a-5504-a6ae-d16f4442d448', '2020-10-18', DEFAULT, 108), (89, DEFAULT, 'Brainstorm ideas for product launch', 'Develop task search functionality with keyword filtering', DEFAULT, '5fef9e7c-116a-5504-a6ae-d16f4442d448', '2020-06-02', DEFAULT, 108), (90, DEFAULT, 'Plan annual company retreat', 'Design notification system for task reminders', DEFAULT, '5fef9e7c-116a-5504-a6ae-d16f4442d448', '2020-09-25', DEFAULT, 108), (91, DEFAULT, 'Arrange travel accommodations for team', 'Develop task list component with drag-and-drop functionality', DEFAULT, '5fef9e7c-116a-5504-a6ae-d16f4442d448', '2020-08-20', DEFAULT, 109), (92, DEFAULT, 'Design logo for website', 'Develop bulk actions feature for task management', DEFAULT, '5fef9e7c-116a-5504-a6ae-d16f4442d448', '2020-08-12', DEFAULT, 109), (93, DEFAULT, 'Write blog post about latest trends', 'Create task detail view with due date and priority', DEFAULT, '5fef9e7c-116a-5504-a6ae-d16f4442d448', '2020-08-28', DEFAULT, 109), (94, DEFAULT, 'Research industry trends', 'Develop bulk actions feature for task management', DEFAULT, '5fef9e7c-116a-5504-a6ae-d16f4442d448', '2020-06-26', DEFAULT, 109), (95, DEFAULT, 'Arrange travel accommodations for team', 'Develop bulk actions feature for task management', DEFAULT, '5fef9e7c-116a-5504-a6ae-d16f4442d448', '2020-11-11', DEFAULT, 109), (96, DEFAULT, 'Coordinate workshop for staff training', 'Add password reset feature using email verification', DEFAULT, '5fef9e7c-116a-5504-a6ae-d16f4442d448', '2020-07-19', DEFAULT, 110), (97, DEFAULT, 'Analyze sales data for insights', 'Create task progress tracking feature with percentage completion', DEFAULT, '5fef9e7c-116a-5504-a6ae-d16f4442d448', '2020-05-09', DEFAULT, 110), (98, DEFAULT, 'Facilitate team brainstorming session', 'Add password reset feature using email verification', DEFAULT, '5fef9e7c-116a-5504-a6ae-d16f4442d448', '2020-09-17', DEFAULT, 110), (99, DEFAULT, 'Design logo for website', 'Add password reset feature using email verification', DEFAULT, '5fef9e7c-116a-5504-a6ae-d16f4442d448', '2020-02-06', DEFAULT, 110), (100, DEFAULT, 'Arrange travel accommodations for team', 'Integrate third-party task synchronization service', DEFAULT, '5fef9e7c-116a-5504-a6ae-d16f4442d448', '2020-11-03', DEFAULT, 110), (101, DEFAULT, 'Review quarterly reports', 'Integrate third-party task synchronization service', DEFAULT, '5ac46069-d153-5b50-a0be-8a017d379243', '2020-07-11', DEFAULT, 111), (102, DEFAULT, 'Prepare presentation for client meeting', 'Implement role-based access control for task permissions', DEFAULT, '5ac46069-d153-5b50-a0be-8a017d379243', '2020-08-12', DEFAULT, 111), (103, DEFAULT, 'Organize team building event', 'Develop task search functionality with keyword filtering', DEFAULT, '5ac46069-d153-5b50-a0be-8a017d379243', '2020-11-27', DEFAULT, 111), (104, DEFAULT, 'Edit video for marketing campaign', 'Create user authentication form with email and password fields', DEFAULT, '5ac46069-d153-5b50-a0be-8a017d379243', '2020-03-07', DEFAULT, 111), (105, DEFAULT, 'Research industry trends', 'Create task progress tracking feature with percentage completion', DEFAULT, '5ac46069-d153-5b50-a0be-8a017d379243', '2020-03-03', DEFAULT, 111), (106, DEFAULT, 'Write blog post about latest trends', 'Integrate Google OAuth for user login', DEFAULT, '5ac46069-d153-5b50-a0be-8a017d379243', '2020-05-21', DEFAULT, 112), (107, DEFAULT, 'Set up project management tool', 'Create API endpoints for task creation, update, and deletion', DEFAULT, '5ac46069-d153-5b50-a0be-8a017d379243', '2020-06-22', DEFAULT, 112), (108, DEFAULT, 'Conduct performance reviews', 'Create task progress tracking feature with percentage completion', DEFAULT, '5ac46069-d153-5b50-a0be-8a017d379243', '2020-09-01', DEFAULT, 112), (109, DEFAULT, 'Research industry trends', 'Implement role-based access control for task permissions', DEFAULT, '5ac46069-d153-5b50-a0be-8a017d379243', '2020-07-23', DEFAULT, 112), (110, DEFAULT, 'Conduct performance reviews', 'Integrate third-party task synchronization service', DEFAULT, '5ac46069-d153-5b50-a0be-8a017d379243', '2020-05-25', DEFAULT, 112), (111, DEFAULT, 'Plan annual company retreat', 'Create task progress tracking feature with percentage completion', DEFAULT, '5ac46069-d153-5b50-a0be-8a017d379243', '2020-05-21', DEFAULT, 113), (112, DEFAULT, 'Plan annual company retreat', 'Add password reset feature using email verification', DEFAULT, '5ac46069-d153-5b50-a0be-8a017d379243', '2020-11-11', DEFAULT, 113), (113, DEFAULT, 'Arrange travel accommodations for team', 'Integrate third-party task synchronization service', DEFAULT, '5ac46069-d153-5b50-a0be-8a017d379243', '2020-11-11', DEFAULT, 113), (114, DEFAULT, 'Update employee handbook', 'Create task progress tracking feature with percentage completion', DEFAULT, '5ac46069-d153-5b50-a0be-8a017d379243', '2020-05-21', DEFAULT, 113), (115, DEFAULT, 'Analyze sales data for insights', 'Create API endpoints for task creation, update, and deletion', DEFAULT, '5ac46069-d153-5b50-a0be-8a017d379243', '2020-06-06', DEFAULT, 113), (116, DEFAULT, 'Design logo for website', 'Create task detail view with due date and priority', DEFAULT, '5ac46069-d153-5b50-a0be-8a017d379243', '2020-01-05', DEFAULT, 114), (117, DEFAULT, 'Coordinate workshop for staff training', 'Integrate Google OAuth for user login', DEFAULT, '5ac46069-d153-5b50-a0be-8a017d379243', '2020-06-06', DEFAULT, 114), (118, DEFAULT, 'Research industry trends', 'Create task progress tracking feature with percentage completion', DEFAULT, '5ac46069-d153-5b50-a0be-8a017d379243', '2020-08-16', DEFAULT, 114), (119, DEFAULT, 'Conduct performance reviews', 'Add password reset feature using email verification', DEFAULT, '5ac46069-d153-5b50-a0be-8a017d379243', '2020-12-20', DEFAULT, 114), (120, DEFAULT, 'Coordinate workshop for staff training', 'Implement JWT token generation for session management', DEFAULT, '5ac46069-d153-5b50-a0be-8a017d379243', '2020-07-27', DEFAULT, 114), (121, DEFAULT, 'Coordinate workshop for staff training', 'Integrate Google OAuth for user login', DEFAULT, '5ac46069-d153-5b50-a0be-8a017d379243', '2020-02-18', DEFAULT, 115), (122, DEFAULT, 'Conduct performance reviews', 'Create user authentication form with email and password fields', DEFAULT, '5ac46069-d153-5b50-a0be-8a017d379243', '2020-08-20', DEFAULT, 115), (123, DEFAULT, 'Write blog post about latest trends', 'Develop bulk actions feature for task management', DEFAULT, '5ac46069-d153-5b50-a0be-8a017d379243', '2020-08-24', DEFAULT, 115), (124, DEFAULT, 'Brainstorm ideas for product launch', 'Develop task filtering functionality by status and tags', DEFAULT, '5ac46069-d153-5b50-a0be-8a017d379243', '2020-05-21', DEFAULT, 115), (125, DEFAULT, 'Arrange travel accommodations for team', 'Design user profile page with editable fields', DEFAULT, '5ac46069-d153-5b50-a0be-8a017d379243', '2020-04-08', DEFAULT, 115), (126, DEFAULT, 'Prepare presentation for client meeting', 'Develop bulk actions feature for task management', DEFAULT, '5f2c632c-1003-5d3e-94f5-6085899aa359', '2020-07-07', DEFAULT, 116), (127, DEFAULT, 'Implement new software system', 'Add dark mode toggle option to enhance user experience', DEFAULT, '5f2c632c-1003-5d3e-94f5-6085899aa359', '2020-03-11', DEFAULT, 116), (128, DEFAULT, 'Facilitate team brainstorming session', 'Implement two-factor authentication using SMS verification', DEFAULT, '5f2c632c-1003-5d3e-94f5-6085899aa359', '2020-06-02', DEFAULT, 116), (129, DEFAULT, 'Create social media content calendar', 'Implement automatic session timeout for security', DEFAULT, '5f2c632c-1003-5d3e-94f5-6085899aa359', '2020-06-10', DEFAULT, 116), (130, DEFAULT, 'Develop marketing campaign', 'Integrate Google OAuth for user login', DEFAULT, '5f2c632c-1003-5d3e-94f5-6085899aa359', '2020-02-02', DEFAULT, 116), (131, DEFAULT, 'Research industry trends', 'Create user authentication form with email and password fields', DEFAULT, '5f2c632c-1003-5d3e-94f5-6085899aa359', '2020-06-22', DEFAULT, 117), (132, DEFAULT, 'Write blog post about latest trends', 'Create user authentication form with email and password fields', DEFAULT, '5f2c632c-1003-5d3e-94f5-6085899aa359', '2020-02-18', DEFAULT, 117), (133, DEFAULT, 'Schedule interviews with candidates', 'Create API endpoints for task creation, update, and deletion', DEFAULT, '5f2c632c-1003-5d3e-94f5-6085899aa359', '2020-08-24', DEFAULT, 117), (134, DEFAULT, 'Schedule interviews with candidates', 'Implement JWT token generation for session management', DEFAULT, '5f2c632c-1003-5d3e-94f5-6085899aa359', '2020-10-10', DEFAULT, 117), (135, DEFAULT, 'Facilitate team brainstorming session', 'Add password reset feature using email verification', DEFAULT, '5f2c632c-1003-5d3e-94f5-6085899aa359', '2020-06-18', DEFAULT, 117), (136, DEFAULT, 'Arrange travel accommodations for team', 'Design notification system for task reminders', DEFAULT, '5f2c632c-1003-5d3e-94f5-6085899aa359', '2020-09-01', DEFAULT, 118), (137, DEFAULT, 'Write blog post about latest trends', 'Design user profile page with editable fields', DEFAULT, '5f2c632c-1003-5d3e-94f5-6085899aa359', '2020-12-24', DEFAULT, 118), (138, DEFAULT, 'Draft proposal for new project', 'Create user authentication form with email and password fields', DEFAULT, '5f2c632c-1003-5d3e-94f5-6085899aa359', '2020-04-16', DEFAULT, 118), (139, DEFAULT, 'Brainstorm ideas for product launch', 'Develop task filtering functionality by status and tags', DEFAULT, '5f2c632c-1003-5d3e-94f5-6085899aa359', '2020-02-26', DEFAULT, 118), (140, DEFAULT, 'Analyze sales data for insights', 'Create user authentication form with email and password fields', DEFAULT, '5f2c632c-1003-5d3e-94f5-6085899aa359', '2020-12-16', DEFAULT, 118), (141, DEFAULT, 'Set up project management tool', 'Add password reset feature using email verification', DEFAULT, '5f2c632c-1003-5d3e-94f5-6085899aa359', '2020-08-12', DEFAULT, 119), (142, DEFAULT, 'Conduct performance reviews', 'Create user authentication form with email and password fields', DEFAULT, '5f2c632c-1003-5d3e-94f5-6085899aa359', '2020-04-24', DEFAULT, 119), (143, DEFAULT, 'Implement new software system', 'Design dashboard for displaying tasks and upcoming deadlines', DEFAULT, '5f2c632c-1003-5d3e-94f5-6085899aa359', '2020-11-15', DEFAULT, 119), (144, DEFAULT, 'Facilitate team brainstorming session', 'Create user authentication form with email and password fields', DEFAULT, '5f2c632c-1003-5d3e-94f5-6085899aa359', '2020-02-22', DEFAULT, 119), (145, DEFAULT, 'Create social media content calendar', 'Design notification system for task reminders', DEFAULT, '5f2c632c-1003-5d3e-94f5-6085899aa359', '2020-07-27', DEFAULT, 119), (146, DEFAULT, 'Research industry trends', 'Add dark mode toggle option to enhance user experience', DEFAULT, '5f2c632c-1003-5d3e-94f5-6085899aa359', '2020-04-04', DEFAULT, 120), (147, DEFAULT, 'Research industry trends', 'Design user-friendly task creation form with validation', DEFAULT, '5f2c632c-1003-5d3e-94f5-6085899aa359', '2020-03-11', DEFAULT, 120), (148, DEFAULT, 'Create social media content calendar', 'Implement role-based access control for task permissions', DEFAULT, '5f2c632c-1003-5d3e-94f5-6085899aa359', '2020-09-01', DEFAULT, 120), (149, DEFAULT, 'Write blog post about latest trends', 'Design user-friendly task creation form with validation', DEFAULT, '5f2c632c-1003-5d3e-94f5-6085899aa359', '2020-07-23', DEFAULT, 120), (150, DEFAULT, 'Implement new software system', 'Create user authentication form with email and password fields', DEFAULT, '5f2c632c-1003-5d3e-94f5-6085899aa359', '2020-01-09', DEFAULT, 120), (151, DEFAULT, 'Write blog post about latest trends', 'Implement JWT token generation for session management', DEFAULT, '71c8f57c-aae5-5ac8-8fc0-a1ff399b17b8', '2020-08-12', DEFAULT, 121), (152, DEFAULT, 'Analyze sales data for insights', 'Develop bulk actions feature for task management', DEFAULT, '71c8f57c-aae5-5ac8-8fc0-a1ff399b17b8', '2020-06-02', DEFAULT, 121), (153, DEFAULT, 'Brainstorm ideas for product launch', 'Add password reset feature using email verification', DEFAULT, '71c8f57c-aae5-5ac8-8fc0-a1ff399b17b8', '2020-08-24', DEFAULT, 121), (154, DEFAULT, 'Set up project management tool', 'Develop task list component with drag-and-drop functionality', DEFAULT, '71c8f57c-aae5-5ac8-8fc0-a1ff399b17b8', '2020-03-27', DEFAULT, 121), (155, DEFAULT, 'Set up project management tool', 'Develop task filtering functionality by status and tags', DEFAULT, '71c8f57c-aae5-5ac8-8fc0-a1ff399b17b8', '2020-04-16', DEFAULT, 121), (156, DEFAULT, 'Review quarterly reports', 'Design dashboard for displaying tasks and upcoming deadlines', DEFAULT, '71c8f57c-aae5-5ac8-8fc0-a1ff399b17b8', '2020-01-09', DEFAULT, 122), (157, DEFAULT, 'Edit video for marketing campaign', 'Integrate third-party task synchronization service', DEFAULT, '71c8f57c-aae5-5ac8-8fc0-a1ff399b17b8', '2020-12-12', DEFAULT, 122), (158, DEFAULT, 'Design logo for website', 'Develop bulk actions feature for task management', DEFAULT, '71c8f57c-aae5-5ac8-8fc0-a1ff399b17b8', '2020-09-25', DEFAULT, 122), (159, DEFAULT, 'Set up project management tool', 'Add dark mode toggle option to enhance user experience', DEFAULT, '71c8f57c-aae5-5ac8-8fc0-a1ff399b17b8', '2020-10-10', DEFAULT, 122), (160, DEFAULT, 'Create social media content calendar', 'Design user-friendly task creation form with validation', DEFAULT, '71c8f57c-aae5-5ac8-8fc0-a1ff399b17b8', '2020-10-10', DEFAULT, 122), (161, DEFAULT, 'Research industry trends', 'Implement automatic session timeout for security', DEFAULT, '71c8f57c-aae5-5ac8-8fc0-a1ff399b17b8', '2020-07-15', DEFAULT, 123), (162, DEFAULT, 'Research industry trends', 'Create API endpoints for task creation, update, and deletion', DEFAULT, '71c8f57c-aae5-5ac8-8fc0-a1ff399b17b8', '2020-06-18', DEFAULT, 123), (163, DEFAULT, 'Analyze sales data for insights', 'Implement automatic session timeout for security', DEFAULT, '71c8f57c-aae5-5ac8-8fc0-a1ff399b17b8', '2020-10-02', DEFAULT, 123), (164, DEFAULT, 'Analyze sales data for insights', 'Create user authentication form with email and password fields', DEFAULT, '71c8f57c-aae5-5ac8-8fc0-a1ff399b17b8', '2020-07-27', DEFAULT, 123), (165, DEFAULT, 'Review quarterly reports', 'Develop task filtering functionality by status and tags', DEFAULT, '71c8f57c-aae5-5ac8-8fc0-a1ff399b17b8', '2020-02-06', DEFAULT, 123), (166, DEFAULT, 'Coordinate workshop for staff training', 'Integrate third-party task synchronization service', DEFAULT, '71c8f57c-aae5-5ac8-8fc0-a1ff399b17b8', '2020-05-01', DEFAULT, 124), (167, DEFAULT, 'Coordinate workshop for staff training', 'Create user authentication form with email and password fields', DEFAULT, '71c8f57c-aae5-5ac8-8fc0-a1ff399b17b8', '2020-11-07', DEFAULT, 124), (168, DEFAULT, 'Implement new software system', 'Integrate Google OAuth for user login', DEFAULT, '71c8f57c-aae5-5ac8-8fc0-a1ff399b17b8', '2020-09-01', DEFAULT, 124), (169, DEFAULT, 'Implement new software system', 'Develop task filtering functionality by status and tags', DEFAULT, '71c8f57c-aae5-5ac8-8fc0-a1ff399b17b8', '2020-10-02', DEFAULT, 124), (170, DEFAULT, 'Prepare presentation for client meeting', 'Develop bulk actions feature for task management', DEFAULT, '71c8f57c-aae5-5ac8-8fc0-a1ff399b17b8', '2020-04-20', DEFAULT, 124), (171, DEFAULT, 'Research industry trends', 'Develop task search functionality with keyword filtering', DEFAULT, '71c8f57c-aae5-5ac8-8fc0-a1ff399b17b8', '2020-12-24', DEFAULT, 125), (172, DEFAULT, 'Prepare presentation for client meeting', 'Implement two-factor authentication using SMS verification', DEFAULT, '71c8f57c-aae5-5ac8-8fc0-a1ff399b17b8', '2020-04-08', DEFAULT, 125), (173, DEFAULT, 'Update employee handbook', 'Create task progress tracking feature with percentage completion', DEFAULT, '71c8f57c-aae5-5ac8-8fc0-a1ff399b17b8', '2020-12-28', DEFAULT, 125), (174, DEFAULT, 'Analyze sales data for insights', 'Develop bulk actions feature for task management', DEFAULT, '71c8f57c-aae5-5ac8-8fc0-a1ff399b17b8', '2020-10-14', DEFAULT, 125), (175, DEFAULT, 'Set up project management tool', 'Develop bulk actions feature for task management', DEFAULT, '71c8f57c-aae5-5ac8-8fc0-a1ff399b17b8', '2020-02-14', DEFAULT, 125);
UPDATE public.task_lists SET user_id = '0f5d546a-dd80-5406-a005-a4f3061b9fb4' WHERE id = 101;
UPDATE public.task_lists SET user_id = '0f5d546a-dd80-5406-a005-a4f3061b9fb4' WHERE id = 102;
UPDATE public.task_lists SET user_id = '0f5d546a-dd80-5406-a005-a4f3061b9fb4' WHERE id = 103;
UPDATE public.task_lists SET user_id = '0f5d546a-dd80-5406-a005-a4f3061b9fb4' WHERE id = 104;
UPDATE public.task_lists SET user_id = '0f5d546a-dd80-5406-a005-a4f3061b9fb4' WHERE id = 105;
UPDATE public.task_lists SET user_id = '5fef9e7c-116a-5504-a6ae-d16f4442d448' WHERE id = 106;
UPDATE public.task_lists SET user_id = '5fef9e7c-116a-5504-a6ae-d16f4442d448' WHERE id = 107;
UPDATE public.task_lists SET user_id = '5fef9e7c-116a-5504-a6ae-d16f4442d448' WHERE id = 108;
UPDATE public.task_lists SET user_id = '5fef9e7c-116a-5504-a6ae-d16f4442d448' WHERE id = 109;
UPDATE public.task_lists SET user_id = '5fef9e7c-116a-5504-a6ae-d16f4442d448' WHERE id = 110;
UPDATE public.task_lists SET user_id = '5ac46069-d153-5b50-a0be-8a017d379243' WHERE id = 111;
UPDATE public.task_lists SET user_id = '5ac46069-d153-5b50-a0be-8a017d379243' WHERE id = 112;
UPDATE public.task_lists SET user_id = '5ac46069-d153-5b50-a0be-8a017d379243' WHERE id = 113;
UPDATE public.task_lists SET user_id = '5ac46069-d153-5b50-a0be-8a017d379243' WHERE id = 114;
UPDATE public.task_lists SET user_id = '5ac46069-d153-5b50-a0be-8a017d379243' WHERE id = 115;
UPDATE public.task_lists SET user_id = '5f2c632c-1003-5d3e-94f5-6085899aa359' WHERE id = 116;
UPDATE public.task_lists SET user_id = '5f2c632c-1003-5d3e-94f5-6085899aa359' WHERE id = 117;
UPDATE public.task_lists SET user_id = '5f2c632c-1003-5d3e-94f5-6085899aa359' WHERE id = 118;
UPDATE public.task_lists SET user_id = '5f2c632c-1003-5d3e-94f5-6085899aa359' WHERE id = 119;
UPDATE public.task_lists SET user_id = '5f2c632c-1003-5d3e-94f5-6085899aa359' WHERE id = 120;
UPDATE public.task_lists SET user_id = '71c8f57c-aae5-5ac8-8fc0-a1ff399b17b8' WHERE id = 121;
UPDATE public.task_lists SET user_id = '71c8f57c-aae5-5ac8-8fc0-a1ff399b17b8' WHERE id = 122;
UPDATE public.task_lists SET user_id = '71c8f57c-aae5-5ac8-8fc0-a1ff399b17b8' WHERE id = 123;
UPDATE public.task_lists SET user_id = '71c8f57c-aae5-5ac8-8fc0-a1ff399b17b8' WHERE id = 124;
UPDATE public.task_lists SET user_id = '71c8f57c-aae5-5ac8-8fc0-a1ff399b17b8' WHERE id = 125;
SELECT setval('"public"."TaskLists_id_seq"'::regclass, (SELECT MAX("id") FROM "public"."task_lists"));
SELECT setval('"public"."Tasks_id_seq"'::regclass, (SELECT MAX("id") FROM "public"."tasks"));