INSERT INTO auth.users (instance_id,id,aud,role,email,encrypted_password,email_confirmed_at,invited_at,confirmation_token,confirmation_sent_at,recovery_token,recovery_sent_at,email_change_token_new,email_change,email_change_sent_at,last_sign_in_at,raw_app_meta_data,raw_user_meta_data,is_super_admin,created_at,updated_at,phone,phone_confirmed_at,phone_change,phone_change_token,phone_change_sent_at,email_change_token_current,email_change_confirm_status,banned_until,reauthentication_token,reauthentication_sent_at,is_sso_user,deleted_at,is_anonymous) VALUES ('3dcce8b2-d93e-5155-9a50-a529057e4a9a', '0f5d546a-dd80-5406-a005-a4f3061b9fb4', 'black_widow', 'manager', 'Dubitia afferenim vitam et hoc possit ipsum.', 'MyD0gR0cks!', '2020-02-10T13:34:50.000Z', '2020-03-07T03:00:57.000Z', 'Videant qui et restatem eas causa epicipsa.', '2020-12-28T11:35:00.000Z', 'Graecistius ab esse verum libervi, periis sit vire vitamicar voluptatem atione fortibus eo.', '2020-01-09T00:49:11.000Z', 'Concere ego nihil intellegan intera.', 'user_email_token_456change', '2020-10-02T09:19:38.000Z', '2020-08-16T19:13:05.000Z', '{"Dolorum":"Inor placet si"}', '{"Ulere":"Docti es saturei"}', 't', '2020-06-06T05:41:47.000Z', '2020-03-11T02:10:13.000Z', DEFAULT, '2020-03-11T02:53:19.000Z', DEFAULT, DEFAULT, '2020-12-24T11:30:02.000Z', DEFAULT, DEFAULT, '2020-06-10T05:08:46.000Z', DEFAULT, '2020-06-26T17:49:35.000Z', DEFAULT, '2020-03-23T14:25:27.000Z', DEFAULT), ('6e9ec33d-2e0a-5b02-8e2d-f0d1c5040b5f', '5fef9e7c-116a-5504-a6ae-d16f4442d448', 'captain_america', 'sales', 'Quod voluptas gere cernimis eadem omi.', 'H0tD0g$4Lunch', '2020-02-26T13:38:22.000Z', '2020-03-23T14:40:28.000Z', 'Epicium confirmissum inem andae dolordinem nec util.', '2020-10-18T22:13:30.000Z', 'Rerum dum orum amiciti quam, insequimur aut maximus dis ad illus.', '2020-09-25T08:22:24.000Z', 'Se eius et continere sedatum et, vituptas iudicarte necest in omnesque saepe spatio.', 'email_token_xyz789change', '2020-06-18T17:21:57.000Z', '2020-03-27T14:58:22.000Z', '{"Ali":"Tentiae est"}', '{"Recte":"Aequo faciturnit physici"}', 't', '2020-01-17T12:52:35.000Z', '2020-05-25T17:01:44.000Z', DEFAULT, '2020-07-19T18:13:25.000Z', DEFAULT, DEFAULT, '2020-06-22T05:10:29.000Z', DEFAULT, DEFAULT, '2020-04-04T15:27:18.000Z', DEFAULT, '2020-06-06T17:32:29.000Z', DEFAULT, '2020-08-12T20:00:19.000Z', DEFAULT), ('493e0e3d-0db0-5675-8b80-e9aee6e49834', '5ac46069-d153-5b50-a0be-8a017d379243', 'user123', 'admin', 'Utionest natorum voluptatib voluptate sit de solidie graeciste, a etiam ipsa potest quae.', 'p@ssw0rd123!', '2020-03-19T03:03:29.000Z', '2020-03-19T14:02:18.000Z', 'Es susciplinam beate cum omnes, orest detere assuevergo enim ferre inbecilit peritia ipsas.', '2020-07-19T18:34:10.000Z', 'A isset philos via consequam.', '2020-08-04T19:41:54.000Z', 'Anim praesenimos tamquam cum habensa virtus, corpore qui ambigua quid se quieti consilio voluptatib.', 'new_email_token_xyz456', '2020-05-13T16:18:40.000Z', '2020-06-06T17:45:25.000Z', '{"Quid":"Graeca defuitatem"}', '{"Ipso":"Ad quorum"}', 't', '2020-02-26T13:44:11.000Z', '2020-03-15T14:17:38.000Z', DEFAULT, '2020-04-24T15:47:54.000Z', DEFAULT, DEFAULT, '2020-05-09T04:17:32.000Z', DEFAULT, DEFAULT, '2020-02-02T01:18:30.000Z', DEFAULT, '2020-06-18T06:02:16.000Z', DEFAULT, '2020-03-23T14:10:39.000Z', DEFAULT), ('69e449b5-11f0-513e-8bc4-f52a33b36510', '5f2c632c-1003-5d3e-94f5-6085899aa359', 'bob_the_builder', 'guest', 'Ratio est quia eteniunt et vituperrit, exista causamur dominiucun etur et.', 'S@lt&Pepper12', '2020-12-12T11:31:28.000Z', '2020-08-16T07:57:21.000Z', 'Quasi vacilitis utam ad dolordam sunt epicium quid, modo ad pore e dissenseruer in.', '2020-08-12T08:00:54.000Z', 'Maximpedit et segniorem stabil brute maloritum endum quos.', '2020-09-13T20:37:41.000Z', 'Et non quod nec bonum epicaris magisse cur.', 'email_token_xyz789change', '2020-11-23T23:08:38.000Z', '2020-06-06T05:48:26.000Z', '{"Enimi":"Idem fieri"}', '{"Quidem":"Eptricest ius"}', 'f', '2020-10-14T21:49:12.000Z', '2020-11-03T10:50:29.000Z', DEFAULT, '2020-01-13T12:12:47.000Z', DEFAULT, DEFAULT, '2020-10-02T21:18:35.000Z', DEFAULT, DEFAULT, '2020-04-20T04:00:32.000Z', DEFAULT, '2020-10-18T09:33:18.000Z', DEFAULT, '2020-04-08T15:48:48.000Z', DEFAULT), ('6e299974-a424-5920-be37-6644fdaa15c1', '71c8f57c-aae5-5ac8-8fc0-a1ff399b17b8', 'hermione_granger', 'sales', 'Et causae evero tellegi abo frui prompta carerrorem.', 'P@ssw0rd$123', '2020-02-26T02:02:43.000Z', '2020-05-05T04:59:53.000Z', 'Epicabo duci calerit natur recteque aeque sapientia, eo possine ad capti petentur faciunturpis tamusu itus.', '2020-08-04T08:02:31.000Z', 'Bonum in sine perant quae cur recte, sed intelosop ferreum at ait nosmetu conferre efficer.', '2020-07-27T18:37:54.000Z', 'Latinesse plerum nec bonumque qua.', 'change_email_token_xyz', '2020-01-09T12:27:31.000Z', '2020-10-22T21:30:27.000Z', '{"Diuturo":"Quasi metu tur"}', '{"Esse":"Praeclare natus mihi"}', 't', '2020-02-06T01:36:17.000Z', '2020-01-05T00:01:49.000Z', DEFAULT, '2020-11-03T10:49:18.000Z', DEFAULT, DEFAULT, '2020-11-27T11:02:39.000Z', DEFAULT, DEFAULT, '2020-04-08T03:42:16.000Z', DEFAULT, '2020-03-07T15:04:13.000Z', DEFAULT, '2020-06-06T17:55:18.000Z', DEFAULT);
INSERT INTO public.projects (id,created_at,name,user_id) VALUES (1, DEFAULT, 'Mobile App Development', NULL), (2, DEFAULT, 'Smart City Solutions', NULL), (3, DEFAULT, 'Renewable Energy Innovation', NULL), (4, DEFAULT, 'Sustainable Energy Project', NULL), (5, DEFAULT, 'Employee Training Program', NULL), (6, DEFAULT, 'E-commerce Platform Expansion', NULL), (7, DEFAULT, 'E-commerce Platform Expansion', NULL), (8, DEFAULT, 'Marketing Campaign 2021', NULL), (9, DEFAULT, 'Website Redesign Project', NULL), (10, DEFAULT, 'Project Phoenix', NULL), (11, DEFAULT, 'Sustainable Energy Project', NULL), (12, DEFAULT, 'Product Launch Strategy', NULL), (13, DEFAULT, 'Renewable Energy Innovation', NULL), (14, DEFAULT, 'Virtual Reality Experience Project', NULL), (15, DEFAULT, 'Renewable Energy Innovation', NULL), (16, DEFAULT, 'Product Launch Strategy', NULL), (17, DEFAULT, 'Inventory Management System', NULL), (18, DEFAULT, 'AI Chatbot Implementation', NULL), (19, DEFAULT, 'Healthcare System Enhancement', NULL), (20, DEFAULT, 'Community Outreach Program', NULL), (21, DEFAULT, 'Renewable Energy Innovation', NULL), (22, DEFAULT, 'Data Analytics Integration', NULL), (23, DEFAULT, 'Customer Portal Upgrade', NULL), (24, DEFAULT, 'Mobile App Development', NULL), (25, DEFAULT, 'Mobile App Development', NULL);
INSERT INTO public.tasks (id,created_at,title,description,priority,user_id,due_date,completed,project_id,stage) VALUES (1, DEFAULT, 'Create social media content calendar', 'Plan and execute charity fundraising event', DEFAULT, '0f5d546a-dd80-5406-a005-a4f3061b9fb4', '2020-07-19', DEFAULT, 1, DEFAULT), (2, DEFAULT, 'Research new market trends', 'Research market trends for new product launch', DEFAULT, '0f5d546a-dd80-5406-a005-a4f3061b9fb4', '2020-11-27', DEFAULT, 1, DEFAULT), (3, DEFAULT, 'Research new market trends', 'Draft press release for product launch', DEFAULT, '0f5d546a-dd80-5406-a005-a4f3061b9fb4', '2020-01-13', DEFAULT, 1, DEFAULT), (4, DEFAULT, 'Attend industry conference', 'Develop project timeline and milestones', DEFAULT, '0f5d546a-dd80-5406-a005-a4f3061b9fb4', '2020-11-03', DEFAULT, 1, DEFAULT), (5, DEFAULT, 'Implement customer feedback survey', 'Create monthly financial report presentation', DEFAULT, '0f5d546a-dd80-5406-a005-a4f3061b9fb4', '2020-03-23', DEFAULT, 1, DEFAULT), (6, DEFAULT, 'Prepare presentation for team meeting', 'Create video tutorial for software application', DEFAULT, '0f5d546a-dd80-5406-a005-a4f3061b9fb4', '2020-04-12', DEFAULT, 2, DEFAULT), (7, DEFAULT, 'Plan annual company retreat', 'Implement SEO strategy for e-commerce site', DEFAULT, '0f5d546a-dd80-5406-a005-a4f3061b9fb4', '2020-10-18', DEFAULT, 2, DEFAULT), (8, DEFAULT, 'Schedule performance reviews', 'Research market trends for new product launch', DEFAULT, '0f5d546a-dd80-5406-a005-a4f3061b9fb4', '2020-10-22', DEFAULT, 2, DEFAULT), (9, DEFAULT, 'Develop product roadmap', 'Manage social media content calendar', DEFAULT, '0f5d546a-dd80-5406-a005-a4f3061b9fb4', '2020-12-20', DEFAULT, 2, DEFAULT), (10, DEFAULT, 'Train new hires on company policies', 'Review and update employee handbook policies', DEFAULT, '0f5d546a-dd80-5406-a005-a4f3061b9fb4', '2020-06-14', DEFAULT, 2, DEFAULT), (11, DEFAULT, 'Follow up with client on project status', 'Plan and execute charity fundraising event', DEFAULT, '0f5d546a-dd80-5406-a005-a4f3061b9fb4', '2020-07-27', DEFAULT, 3, DEFAULT), (12, DEFAULT, 'Review marketing campaign strategy', 'Write content for social media campaign', DEFAULT, '0f5d546a-dd80-5406-a005-a4f3061b9fb4', '2020-11-15', DEFAULT, 3, DEFAULT), (13, DEFAULT, 'Prepare presentation for team meeting', 'Coordinate logistics for company conference', DEFAULT, '0f5d546a-dd80-5406-a005-a4f3061b9fb4', '2020-01-01', DEFAULT, 3, DEFAULT), (14, DEFAULT, 'Conduct employee satisfaction survey', 'Research market trends for new product launch', DEFAULT, '0f5d546a-dd80-5406-a005-a4f3061b9fb4', '2020-04-16', DEFAULT, 3, DEFAULT), (15, DEFAULT, 'Train new hires on company policies', 'Research market trends for new product launch', DEFAULT, '0f5d546a-dd80-5406-a005-a4f3061b9fb4', '2020-10-02', DEFAULT, 3, DEFAULT), (16, DEFAULT, 'Implement customer feedback survey', 'Test mobile app for bugs and usability issues', DEFAULT, '0f5d546a-dd80-5406-a005-a4f3061b9fb4', '2020-03-15', DEFAULT, 4, DEFAULT), (17, DEFAULT, 'Schedule performance reviews', 'Review and update employee handbook policies', DEFAULT, '0f5d546a-dd80-5406-a005-a4f3061b9fb4', '2020-08-08', DEFAULT, 4, DEFAULT), (18, DEFAULT, 'Organize team building event', 'Prepare training materials for new employee onboarding', DEFAULT, '0f5d546a-dd80-5406-a005-a4f3061b9fb4', '2020-04-12', DEFAULT, 4, DEFAULT), (19, DEFAULT, 'Train new hires on company policies', 'Troubleshoot IT issues for remote team', DEFAULT, '0f5d546a-dd80-5406-a005-a4f3061b9fb4', '2020-02-26', DEFAULT, 4, DEFAULT), (20, DEFAULT, 'Attend industry conference', 'Manage social media content calendar', DEFAULT, '0f5d546a-dd80-5406-a005-a4f3061b9fb4', '2020-10-18', DEFAULT, 4, DEFAULT), (21, DEFAULT, 'Complete quarterly report', 'Write content for social media campaign', DEFAULT, '0f5d546a-dd80-5406-a005-a4f3061b9fb4', '2020-11-07', DEFAULT, 5, DEFAULT), (22, DEFAULT, 'Research new market trends', 'Prepare training materials for new employee onboarding', DEFAULT, '0f5d546a-dd80-5406-a005-a4f3061b9fb4', '2020-10-22', DEFAULT, 5, DEFAULT), (23, DEFAULT, 'Prepare presentation for team meeting', 'Troubleshoot IT issues for remote team', DEFAULT, '0f5d546a-dd80-5406-a005-a4f3061b9fb4', '2020-07-11', DEFAULT, 5, DEFAULT), (24, DEFAULT, 'Plan annual company retreat', 'Analyze customer feedback to improve product experience', DEFAULT, '0f5d546a-dd80-5406-a005-a4f3061b9fb4', '2020-09-25', DEFAULT, 5, DEFAULT), (25, DEFAULT, 'Brainstorm new product ideas', 'Draft press release for product launch', DEFAULT, '0f5d546a-dd80-5406-a005-a4f3061b9fb4', '2020-12-28', DEFAULT, 5, DEFAULT), (26, DEFAULT, 'Update website content', 'Plan and execute charity fundraising event', DEFAULT, '5fef9e7c-116a-5504-a6ae-d16f4442d448', '2020-04-12', DEFAULT, 6, DEFAULT), (27, DEFAULT, 'Conduct employee satisfaction survey', 'Organize team building event for department', DEFAULT, '5fef9e7c-116a-5504-a6ae-d16f4442d448', '2020-10-22', DEFAULT, 6, DEFAULT), (28, DEFAULT, 'Implement customer feedback survey', 'Coordinate logistics for company conference', DEFAULT, '5fef9e7c-116a-5504-a6ae-d16f4442d448', '2020-06-22', DEFAULT, 6, DEFAULT), (29, DEFAULT, 'Prepare presentation for team meeting', 'Develop user authentication feature for website', DEFAULT, '5fef9e7c-116a-5504-a6ae-d16f4442d448', '2020-04-16', DEFAULT, 6, DEFAULT), (30, DEFAULT, 'Research new market trends', 'Create video tutorial for software application', DEFAULT, '5fef9e7c-116a-5504-a6ae-d16f4442d448', '2020-10-02', DEFAULT, 6, DEFAULT), (31, DEFAULT, 'Coordinate charity fundraiser', 'Manage social media content calendar', DEFAULT, '5fef9e7c-116a-5504-a6ae-d16f4442d448', '2020-12-08', DEFAULT, 7, DEFAULT), (32, DEFAULT, 'Research new market trends', 'Design website landing page with interactive elements', DEFAULT, '5fef9e7c-116a-5504-a6ae-d16f4442d448', '2020-09-01', DEFAULT, 7, DEFAULT), (33, DEFAULT, 'Attend industry conference', 'Develop user authentication feature for website', DEFAULT, '5fef9e7c-116a-5504-a6ae-d16f4442d448', '2020-03-15', DEFAULT, 7, DEFAULT), (34, DEFAULT, 'Train new hires on company policies', 'Troubleshoot IT issues for remote team', DEFAULT, '5fef9e7c-116a-5504-a6ae-d16f4442d448', '2020-03-23', DEFAULT, 7, DEFAULT), (35, DEFAULT, 'Complete quarterly report', 'Implement SEO strategy for e-commerce site', DEFAULT, '5fef9e7c-116a-5504-a6ae-d16f4442d448', '2020-10-18', DEFAULT, 7, DEFAULT), (36, DEFAULT, 'Coordinate charity fundraiser', 'Conduct competitor analysis for business strategy', DEFAULT, '5fef9e7c-116a-5504-a6ae-d16f4442d448', '2020-05-01', DEFAULT, 8, DEFAULT), (37, DEFAULT, 'Prepare presentation for team meeting', 'Analyze customer feedback to improve product experience', DEFAULT, '5fef9e7c-116a-5504-a6ae-d16f4442d448', '2020-09-25', DEFAULT, 8, DEFAULT), (38, DEFAULT, 'Analyze competitor strategies', 'Draft press release for product launch', DEFAULT, '5fef9e7c-116a-5504-a6ae-d16f4442d448', '2020-11-27', DEFAULT, 8, DEFAULT), (39, DEFAULT, 'Analyze competitor strategies', 'Manage social media content calendar', DEFAULT, '5fef9e7c-116a-5504-a6ae-d16f4442d448', '2020-04-12', DEFAULT, 8, DEFAULT), (40, DEFAULT, 'Analyze competitor strategies', 'Prepare training materials for new employee onboarding', DEFAULT, '5fef9e7c-116a-5504-a6ae-d16f4442d448', '2020-06-02', DEFAULT, 8, DEFAULT), (41, DEFAULT, 'Review marketing campaign strategy', 'Troubleshoot IT issues for remote team', DEFAULT, '5fef9e7c-116a-5504-a6ae-d16f4442d448', '2020-10-18', DEFAULT, 9, DEFAULT), (42, DEFAULT, 'Update website content', 'Research market trends for new product launch', DEFAULT, '5fef9e7c-116a-5504-a6ae-d16f4442d448', '2020-11-27', DEFAULT, 9, DEFAULT), (43, DEFAULT, 'Prepare presentation for team meeting', 'Research market trends for new product launch', DEFAULT, '5fef9e7c-116a-5504-a6ae-d16f4442d448', '2020-07-27', DEFAULT, 9, DEFAULT), (44, DEFAULT, 'Schedule performance reviews', 'Implement SEO strategy for e-commerce site', DEFAULT, '5fef9e7c-116a-5504-a6ae-d16f4442d448', '2020-06-06', DEFAULT, 9, DEFAULT), (45, DEFAULT, 'Update website content', 'Prepare training materials for new employee onboarding', DEFAULT, '5fef9e7c-116a-5504-a6ae-d16f4442d448', '2020-08-28', DEFAULT, 9, DEFAULT), (46, DEFAULT, 'Implement customer feedback survey', 'Research market trends for new product launch', DEFAULT, '5fef9e7c-116a-5504-a6ae-d16f4442d448', '2020-10-02', DEFAULT, 10, DEFAULT), (47, DEFAULT, 'Attend industry conference', 'Organize team building event for department', DEFAULT, '5fef9e7c-116a-5504-a6ae-d16f4442d448', '2020-06-10', DEFAULT, 10, DEFAULT), (48, DEFAULT, 'Analyze competitor strategies', 'Coordinate logistics for company conference', DEFAULT, '5fef9e7c-116a-5504-a6ae-d16f4442d448', '2020-07-15', DEFAULT, 10, DEFAULT), (49, DEFAULT, 'Review marketing campaign strategy', 'Optimize email marketing campaigns for higher engagement', DEFAULT, '5fef9e7c-116a-5504-a6ae-d16f4442d448', '2020-07-15', DEFAULT, 10, DEFAULT), (50, DEFAULT, 'Organize team building event', 'Plan and execute charity fundraising event', DEFAULT, '5fef9e7c-116a-5504-a6ae-d16f4442d448', '2020-07-03', DEFAULT, 10, DEFAULT), (51, DEFAULT, 'Follow up with client on project status', 'Optimize email marketing campaigns for higher engagement', DEFAULT, '5ac46069-d153-5b50-a0be-8a017d379243', '2020-09-13', DEFAULT, 11, DEFAULT), (52, DEFAULT, 'Train new hires on company policies', 'Troubleshoot IT issues for remote team', DEFAULT, '5ac46069-d153-5b50-a0be-8a017d379243', '2020-06-10', DEFAULT, 11, DEFAULT), (53, DEFAULT, 'Prepare presentation for team meeting', 'Create monthly financial report presentation', DEFAULT, '5ac46069-d153-5b50-a0be-8a017d379243', '2020-02-26', DEFAULT, 11, DEFAULT), (54, DEFAULT, 'Create social media content calendar', 'Manage social media content calendar', DEFAULT, '5ac46069-d153-5b50-a0be-8a017d379243', '2020-07-19', DEFAULT, 11, DEFAULT), (55, DEFAULT, 'Brainstorm new product ideas', 'Design website landing page with interactive elements', DEFAULT, '5ac46069-d153-5b50-a0be-8a017d379243', '2020-08-24', DEFAULT, 11, DEFAULT), (56, DEFAULT, 'Update website content', 'Develop project timeline and milestones', DEFAULT, '5ac46069-d153-5b50-a0be-8a017d379243', '2020-03-03', DEFAULT, 12, DEFAULT), (57, DEFAULT, 'Complete quarterly report', 'Draft press release for product launch', DEFAULT, '5ac46069-d153-5b50-a0be-8a017d379243', '2020-09-01', DEFAULT, 12, DEFAULT), (58, DEFAULT, 'Plan annual company retreat', 'Review and update employee handbook policies', DEFAULT, '5ac46069-d153-5b50-a0be-8a017d379243', '2020-06-14', DEFAULT, 12, DEFAULT), (59, DEFAULT, 'Coordinate charity fundraiser', 'Develop project timeline and milestones', DEFAULT, '5ac46069-d153-5b50-a0be-8a017d379243', '2020-10-18', DEFAULT, 12, DEFAULT), (60, DEFAULT, 'Review marketing campaign strategy', 'Coordinate logistics for company conference', DEFAULT, '5ac46069-d153-5b50-a0be-8a017d379243', '2020-08-28', DEFAULT, 12, DEFAULT), (61, DEFAULT, 'Follow up with client on project status', 'Prepare training materials for new employee onboarding', DEFAULT, '5ac46069-d153-5b50-a0be-8a017d379243', '2020-06-18', DEFAULT, 13, DEFAULT), (62, DEFAULT, 'Research new market trends', 'Draft press release for product launch', DEFAULT, '5ac46069-d153-5b50-a0be-8a017d379243', '2020-06-18', DEFAULT, 13, DEFAULT), (63, DEFAULT, 'Brainstorm new product ideas', 'Implement SEO strategy for e-commerce site', DEFAULT, '5ac46069-d153-5b50-a0be-8a017d379243', '2020-07-19', DEFAULT, 13, DEFAULT), (64, DEFAULT, 'Schedule performance reviews', 'Manage social media content calendar', DEFAULT, '5ac46069-d153-5b50-a0be-8a017d379243', '2020-03-15', DEFAULT, 13, DEFAULT), (65, DEFAULT, 'Analyze competitor strategies', 'Troubleshoot IT issues for remote team', DEFAULT, '5ac46069-d153-5b50-a0be-8a017d379243', '2020-04-16', DEFAULT, 13, DEFAULT), (66, DEFAULT, 'Conduct employee satisfaction survey', 'Organize team building event for department', DEFAULT, '5ac46069-d153-5b50-a0be-8a017d379243', '2020-01-05', DEFAULT, 14, DEFAULT), (67, DEFAULT, 'Update website content', 'Optimize email marketing campaigns for higher engagement', DEFAULT, '5ac46069-d153-5b50-a0be-8a017d379243', '2020-05-01', DEFAULT, 14, DEFAULT), (68, DEFAULT, 'Plan annual company retreat', 'Create monthly financial report presentation', DEFAULT, '5ac46069-d153-5b50-a0be-8a017d379243', '2020-10-06', DEFAULT, 14, DEFAULT), (69, DEFAULT, 'Plan annual company retreat', 'Review and update employee handbook policies', DEFAULT, '5ac46069-d153-5b50-a0be-8a017d379243', '2020-08-08', DEFAULT, 14, DEFAULT), (70, DEFAULT, 'Analyze competitor strategies', 'Analyze customer feedback to improve product experience', DEFAULT, '5ac46069-d153-5b50-a0be-8a017d379243', '2020-06-18', DEFAULT, 14, DEFAULT), (71, DEFAULT, 'Analyze competitor strategies', 'Analyze customer feedback to improve product experience', DEFAULT, '5ac46069-d153-5b50-a0be-8a017d379243', '2020-04-16', DEFAULT, 15, DEFAULT), (72, DEFAULT, 'Plan annual company retreat', 'Develop user authentication feature for website', DEFAULT, '5ac46069-d153-5b50-a0be-8a017d379243', '2020-03-23', DEFAULT, 15, DEFAULT), (73, DEFAULT, 'Create social media content calendar', 'Manage social media content calendar', DEFAULT, '5ac46069-d153-5b50-a0be-8a017d379243', '2020-05-25', DEFAULT, 15, DEFAULT), (74, DEFAULT, 'Optimize email marketing campaigns', 'Analyze customer feedback to improve product experience', DEFAULT, '5ac46069-d153-5b50-a0be-8a017d379243', '2020-03-11', DEFAULT, 15, DEFAULT), (75, DEFAULT, 'Prepare presentation for team meeting', 'Develop user authentication feature for website', DEFAULT, '5ac46069-d153-5b50-a0be-8a017d379243', '2020-05-21', DEFAULT, 15, DEFAULT), (76, DEFAULT, 'Conduct employee satisfaction survey', 'Test mobile app for bugs and usability issues', DEFAULT, '5f2c632c-1003-5d3e-94f5-6085899aa359', '2020-09-25', DEFAULT, 16, DEFAULT), (77, DEFAULT, 'Create social media content calendar', 'Prepare training materials for new employee onboarding', DEFAULT, '5f2c632c-1003-5d3e-94f5-6085899aa359', '2020-07-27', DEFAULT, 16, DEFAULT), (78, DEFAULT, 'Schedule performance reviews', 'Draft press release for product launch', DEFAULT, '5f2c632c-1003-5d3e-94f5-6085899aa359', '2020-09-25', DEFAULT, 16, DEFAULT), (79, DEFAULT, 'Plan annual company retreat', 'Test mobile app for bugs and usability issues', DEFAULT, '5f2c632c-1003-5d3e-94f5-6085899aa359', '2020-01-09', DEFAULT, 16, DEFAULT), (80, DEFAULT, 'Review marketing campaign strategy', 'Organize team building event for department', DEFAULT, '5f2c632c-1003-5d3e-94f5-6085899aa359', '2020-06-02', DEFAULT, 16, DEFAULT), (81, DEFAULT, 'Plan annual company retreat', 'Develop user authentication feature for website', DEFAULT, '5f2c632c-1003-5d3e-94f5-6085899aa359', '2020-10-22', DEFAULT, 17, DEFAULT), (82, DEFAULT, 'Review marketing campaign strategy', 'Manage social media content calendar', DEFAULT, '5f2c632c-1003-5d3e-94f5-6085899aa359', '2020-03-19', DEFAULT, 17, DEFAULT), (83, DEFAULT, 'Optimize email marketing campaigns', 'Develop user authentication feature for website', DEFAULT, '5f2c632c-1003-5d3e-94f5-6085899aa359', '2020-12-17', DEFAULT, 17, DEFAULT), (84, DEFAULT, 'Organize team building event', 'Test mobile app for bugs and usability issues', DEFAULT, '5f2c632c-1003-5d3e-94f5-6085899aa359', '2020-04-04', DEFAULT, 17, DEFAULT), (85, DEFAULT, 'Attend industry conference', 'Troubleshoot IT issues for remote team', DEFAULT, '5f2c632c-1003-5d3e-94f5-6085899aa359', '2020-09-17', DEFAULT, 17, DEFAULT), (86, DEFAULT, 'Brainstorm new product ideas', 'Design website landing page with interactive elements', DEFAULT, '5f2c632c-1003-5d3e-94f5-6085899aa359', '2020-05-01', DEFAULT, 18, DEFAULT), (87, DEFAULT, 'Create social media content calendar', 'Research market trends for new product launch', DEFAULT, '5f2c632c-1003-5d3e-94f5-6085899aa359', '2020-07-07', DEFAULT, 18, DEFAULT), (88, DEFAULT, 'Analyze competitor strategies', 'Troubleshoot IT issues for remote team', DEFAULT, '5f2c632c-1003-5d3e-94f5-6085899aa359', '2020-02-22', DEFAULT, 18, DEFAULT), (89, DEFAULT, 'Organize team building event', 'Implement SEO strategy for e-commerce site', DEFAULT, '5f2c632c-1003-5d3e-94f5-6085899aa359', '2020-03-03', DEFAULT, 18, DEFAULT), (90, DEFAULT, 'Train new hires on company policies', 'Organize team building event for department', DEFAULT, '5f2c632c-1003-5d3e-94f5-6085899aa359', '2020-04-28', DEFAULT, 18, DEFAULT), (91, DEFAULT, 'Coordinate charity fundraiser', 'Organize team building event for department', DEFAULT, '5f2c632c-1003-5d3e-94f5-6085899aa359', '2020-08-08', DEFAULT, 19, DEFAULT), (92, DEFAULT, 'Brainstorm new product ideas', 'Analyze customer feedback to improve product experience', DEFAULT, '5f2c632c-1003-5d3e-94f5-6085899aa359', '2020-06-14', DEFAULT, 19, DEFAULT), (93, DEFAULT, 'Develop product roadmap', 'Conduct competitor analysis for business strategy', DEFAULT, '5f2c632c-1003-5d3e-94f5-6085899aa359', '2020-09-09', DEFAULT, 19, DEFAULT), (94, DEFAULT, 'Refine sales pitch presentation', 'Coordinate logistics for company conference', DEFAULT, '5f2c632c-1003-5d3e-94f5-6085899aa359', '2020-10-26', DEFAULT, 19, DEFAULT), (95, DEFAULT, 'Organize team building event', 'Review and update employee handbook policies', DEFAULT, '5f2c632c-1003-5d3e-94f5-6085899aa359', '2020-07-11', DEFAULT, 19, DEFAULT), (96, DEFAULT, 'Refine sales pitch presentation', 'Analyze customer feedback to improve product experience', DEFAULT, '5f2c632c-1003-5d3e-94f5-6085899aa359', '2020-03-03', DEFAULT, 20, DEFAULT), (97, DEFAULT, 'Brainstorm new product ideas', 'Implement SEO strategy for e-commerce site', DEFAULT, '5f2c632c-1003-5d3e-94f5-6085899aa359', '2020-06-06', DEFAULT, 20, DEFAULT), (98, DEFAULT, 'Develop product roadmap', 'Prepare training materials for new employee onboarding', DEFAULT, '5f2c632c-1003-5d3e-94f5-6085899aa359', '2020-11-23', DEFAULT, 20, DEFAULT), (99, DEFAULT, 'Train new hires on company policies', 'Develop project timeline and milestones', DEFAULT, '5f2c632c-1003-5d3e-94f5-6085899aa359', '2020-02-18', DEFAULT, 20, DEFAULT), (100, DEFAULT, 'Update website content', 'Write content for social media campaign', DEFAULT, '5f2c632c-1003-5d3e-94f5-6085899aa359', '2020-02-14', DEFAULT, 20, DEFAULT), (101, DEFAULT, 'Refine sales pitch presentation', 'Prepare training materials for new employee onboarding', DEFAULT, '71c8f57c-aae5-5ac8-8fc0-a1ff399b17b8', '2020-07-15', DEFAULT, 21, DEFAULT), (102, DEFAULT, 'Plan annual company retreat', 'Create monthly financial report presentation', DEFAULT, '71c8f57c-aae5-5ac8-8fc0-a1ff399b17b8', '2020-04-20', DEFAULT, 21, DEFAULT), (103, DEFAULT, 'Conduct employee satisfaction survey', 'Coordinate logistics for company conference', DEFAULT, '71c8f57c-aae5-5ac8-8fc0-a1ff399b17b8', '2020-05-25', DEFAULT, 21, DEFAULT), (104, DEFAULT, 'Implement customer feedback survey', 'Organize team building event for department', DEFAULT, '71c8f57c-aae5-5ac8-8fc0-a1ff399b17b8', '2020-09-25', DEFAULT, 21, DEFAULT), (105, DEFAULT, 'Follow up with client on project status', 'Review and update employee handbook policies', DEFAULT, '71c8f57c-aae5-5ac8-8fc0-a1ff399b17b8', '2020-05-17', DEFAULT, 21, DEFAULT), (106, DEFAULT, 'Optimize email marketing campaigns', 'Write content for social media campaign', DEFAULT, '71c8f57c-aae5-5ac8-8fc0-a1ff399b17b8', '2020-06-06', DEFAULT, 22, DEFAULT), (107, DEFAULT, 'Coordinate charity fundraiser', 'Analyze customer feedback to improve product experience', DEFAULT, '71c8f57c-aae5-5ac8-8fc0-a1ff399b17b8', '2020-12-28', DEFAULT, 22, DEFAULT), (108, DEFAULT, 'Follow up with client on project status', 'Optimize email marketing campaigns for higher engagement', DEFAULT, '71c8f57c-aae5-5ac8-8fc0-a1ff399b17b8', '2020-04-16', DEFAULT, 22, DEFAULT), (109, DEFAULT, 'Coordinate charity fundraiser', 'Plan and execute charity fundraising event', DEFAULT, '71c8f57c-aae5-5ac8-8fc0-a1ff399b17b8', '2020-08-04', DEFAULT, 22, DEFAULT), (110, DEFAULT, 'Plan annual company retreat', 'Write content for social media campaign', DEFAULT, '71c8f57c-aae5-5ac8-8fc0-a1ff399b17b8', '2020-07-07', DEFAULT, 22, DEFAULT), (111, DEFAULT, 'Train new hires on company policies', 'Coordinate logistics for company conference', DEFAULT, '71c8f57c-aae5-5ac8-8fc0-a1ff399b17b8', '2020-10-02', DEFAULT, 23, DEFAULT), (112, DEFAULT, 'Review marketing campaign strategy', 'Create video tutorial for software application', DEFAULT, '71c8f57c-aae5-5ac8-8fc0-a1ff399b17b8', '2020-12-04', DEFAULT, 23, DEFAULT), (113, DEFAULT, 'Coordinate charity fundraiser', 'Research market trends for new product launch', DEFAULT, '71c8f57c-aae5-5ac8-8fc0-a1ff399b17b8', '2020-05-09', DEFAULT, 23, DEFAULT), (114, DEFAULT, 'Organize team building event', 'Coordinate logistics for company conference', DEFAULT, '71c8f57c-aae5-5ac8-8fc0-a1ff399b17b8', '2020-05-25', DEFAULT, 23, DEFAULT), (115, DEFAULT, 'Coordinate charity fundraiser', 'Develop user authentication feature for website', DEFAULT, '71c8f57c-aae5-5ac8-8fc0-a1ff399b17b8', '2020-12-28', DEFAULT, 23, DEFAULT), (116, DEFAULT, 'Plan annual company retreat', 'Analyze customer feedback to improve product experience', DEFAULT, '71c8f57c-aae5-5ac8-8fc0-a1ff399b17b8', '2020-05-25', DEFAULT, 24, DEFAULT), (117, DEFAULT, 'Attend industry conference', 'Prepare training materials for new employee onboarding', DEFAULT, '71c8f57c-aae5-5ac8-8fc0-a1ff399b17b8', '2020-04-12', DEFAULT, 24, DEFAULT), (118, DEFAULT, 'Plan annual company retreat', 'Prepare training materials for new employee onboarding', DEFAULT, '71c8f57c-aae5-5ac8-8fc0-a1ff399b17b8', '2020-06-02', DEFAULT, 24, DEFAULT), (119, DEFAULT, 'Coordinate charity fundraiser', 'Develop user authentication feature for website', DEFAULT, '71c8f57c-aae5-5ac8-8fc0-a1ff399b17b8', '2020-03-15', DEFAULT, 24, DEFAULT), (120, DEFAULT, 'Complete quarterly report', 'Organize team building event for department', DEFAULT, '71c8f57c-aae5-5ac8-8fc0-a1ff399b17b8', '2020-11-11', DEFAULT, 24, DEFAULT), (121, DEFAULT, 'Follow up with client on project status', 'Organize team building event for department', DEFAULT, '71c8f57c-aae5-5ac8-8fc0-a1ff399b17b8', '2020-10-14', DEFAULT, 25, DEFAULT), (122, DEFAULT, 'Prepare presentation for team meeting', 'Optimize email marketing campaigns for higher engagement', DEFAULT, '71c8f57c-aae5-5ac8-8fc0-a1ff399b17b8', '2020-04-20', DEFAULT, 25, DEFAULT), (123, DEFAULT, 'Plan annual company retreat', 'Test mobile app for bugs and usability issues', DEFAULT, '71c8f57c-aae5-5ac8-8fc0-a1ff399b17b8', '2020-01-25', DEFAULT, 25, DEFAULT), (124, DEFAULT, 'Analyze competitor strategies', 'Review and update employee handbook policies', DEFAULT, '71c8f57c-aae5-5ac8-8fc0-a1ff399b17b8', '2020-06-02', DEFAULT, 25, DEFAULT), (125, DEFAULT, 'Implement customer feedback survey', 'Coordinate logistics for company conference', DEFAULT, '71c8f57c-aae5-5ac8-8fc0-a1ff399b17b8', '2020-07-27', DEFAULT, 25, DEFAULT);
INSERT INTO public.sub_tasks (id,created_at,task_id,title,date) VALUES (1, DEFAULT, NULL, 'Analyze customer feedback', '2020-06-26'), (2, DEFAULT, NULL, 'Develop marketing strategy', '2020-03-15'), (3, DEFAULT, NULL, 'Collaborate with design team', '2020-05-01'), (4, DEFAULT, NULL, 'Create social media content calendar', '2020-04-28'), (5, DEFAULT, NULL, 'Train team on new tool', '2020-04-08'), (6, DEFAULT, NULL, 'Implement feedback from stakeholders', '2020-08-08'), (7, DEFAULT, NULL, 'Design user interface', '2020-04-12'), (8, DEFAULT, NULL, 'Prepare presentation for stakeholders', '2020-04-20'), (9, DEFAULT, NULL, 'Develop marketing strategy', '2020-07-19'), (10, DEFAULT, NULL, 'Implement feedback from stakeholders', '2020-11-15'), (11, DEFAULT, NULL, 'Prepare presentation for stakeholders', '2020-11-27'), (12, DEFAULT, NULL, 'Collaborate with design team', '2020-03-07'), (13, DEFAULT, NULL, 'Optimize website performance', '2020-01-21'), (14, DEFAULT, NULL, 'Implement feedback from stakeholders', '2020-05-25'), (15, DEFAULT, NULL, 'Conduct market research', '2020-04-24'), (16, DEFAULT, NULL, 'Write code for feature XYZ', '2020-10-02'), (17, DEFAULT, NULL, 'Conduct usability testing', '2020-09-01'), (18, DEFAULT, NULL, 'Analyze customer feedback', '2020-05-05'), (19, DEFAULT, NULL, 'Optimize website performance', '2020-04-12'), (20, DEFAULT, NULL, 'Document project requirements', '2020-11-15'), (21, DEFAULT, NULL, 'Design user interface', '2020-07-03'), (22, DEFAULT, NULL, 'Create social media content calendar', '2020-09-17'), (23, DEFAULT, NULL, 'Create social media content calendar', '2020-10-14'), (24, DEFAULT, NULL, 'Prepare presentation for stakeholders', '2020-04-24'), (25, DEFAULT, NULL, 'Analyze customer feedback', '2020-12-12'), (26, DEFAULT, NULL, 'Review project budget', '2020-09-17'), (27, DEFAULT, NULL, 'Prepare presentation for stakeholders', '2020-02-26'), (28, DEFAULT, NULL, 'Develop marketing strategy', '2020-11-15'), (29, DEFAULT, NULL, 'Define project milestones', '2020-07-23'), (30, DEFAULT, NULL, 'Conduct usability testing', '2020-12-20'), (31, DEFAULT, NULL, 'Conduct usability testing', '2020-05-21'), (32, DEFAULT, NULL, 'Review competitor analysis', '2020-12-28'), (33, DEFAULT, NULL, 'Define project milestones', '2020-03-23'), (34, DEFAULT, NULL, 'Create social media content calendar', '2020-10-14'), (35, DEFAULT, NULL, 'Write code for feature XYZ', '2020-06-06'), (36, DEFAULT, NULL, 'Train team on new tool', '2020-12-24'), (37, DEFAULT, NULL, 'Review competitor analysis', '2020-04-04'), (38, DEFAULT, NULL, 'Review competitor analysis', '2020-09-21'), (39, DEFAULT, NULL, 'Write code for feature XYZ', '2020-07-23'), (40, DEFAULT, NULL, 'Create social media content calendar', '2020-11-11'), (41, DEFAULT, NULL, 'Collaborate with design team', '2020-08-04'), (42, DEFAULT, NULL, 'Write code for feature XYZ', '2020-11-19'), (43, DEFAULT, NULL, 'Train team on new tool', '2020-09-09'), (44, DEFAULT, NULL, 'Prepare presentation for stakeholders', '2020-03-11'), (45, DEFAULT, NULL, 'Train team on new tool', '2020-01-05'), (46, DEFAULT, NULL, 'Review project budget', '2020-01-25'), (47, DEFAULT, NULL, 'Create project timeline', '2020-03-11'), (48, DEFAULT, NULL, 'Conduct market research', '2020-02-14'), (49, DEFAULT, NULL, 'Conduct usability testing', '2020-02-10'), (50, DEFAULT, NULL, 'Conduct usability testing', '2020-06-06'), (51, DEFAULT, NULL, 'Review competitor analysis', '2020-12-16'), (52, DEFAULT, NULL, 'Define project milestones', '2020-12-04'), (53, DEFAULT, NULL, 'Create social media content calendar', '2020-03-03'), (54, DEFAULT, NULL, 'Collaborate with design team', '2020-11-07'), (55, DEFAULT, NULL, 'Review competitor analysis', '2020-07-11'), (56, DEFAULT, NULL, 'Train team on new tool', '2020-11-07'), (57, DEFAULT, NULL, 'Design user interface', '2020-11-15'), (58, DEFAULT, NULL, 'Schedule client meeting', '2020-04-28'), (59, DEFAULT, NULL, 'Review project budget', '2020-11-23'), (60, DEFAULT, NULL, 'Conduct market research', '2020-01-01'), (61, DEFAULT, NULL, 'Prepare presentation for stakeholders', '2020-03-27'), (62, DEFAULT, NULL, 'Implement feedback from stakeholders', '2020-03-11'), (63, DEFAULT, NULL, 'Document project requirements', '2020-09-05'), (64, DEFAULT, NULL, 'Review competitor analysis', '2020-04-28'), (65, DEFAULT, NULL, 'Analyze customer feedback', '2020-09-13'), (66, DEFAULT, NULL, 'Create social media content calendar', '2020-11-23'), (67, DEFAULT, NULL, 'Finalize project scope', '2020-02-18'), (68, DEFAULT, NULL, 'Create social media content calendar', '2020-11-07'), (69, DEFAULT, NULL, 'Design user interface', '2020-01-17'), (70, DEFAULT, NULL, 'Train team on new tool', '2020-08-16'), (71, DEFAULT, NULL, 'Prepare presentation for stakeholders', '2020-02-10'), (72, DEFAULT, NULL, 'Implement feedback from stakeholders', '2020-09-09'), (73, DEFAULT, NULL, 'Schedule client meeting', '2020-04-24'), (74, DEFAULT, NULL, 'Conduct market research', '2020-12-24'), (75, DEFAULT, NULL, 'Review project budget', '2020-08-04'), (76, DEFAULT, NULL, 'Define project milestones', '2020-08-24'), (77, DEFAULT, NULL, 'Review project budget', '2020-03-07'), (78, DEFAULT, NULL, 'Schedule client meeting', '2020-11-23'), (79, DEFAULT, NULL, 'Optimize website performance', '2020-06-10'), (80, DEFAULT, NULL, 'Optimize website performance', '2020-12-08'), (81, DEFAULT, NULL, 'Develop marketing strategy', '2020-03-07'), (82, DEFAULT, NULL, 'Review project budget', '2020-09-17'), (83, DEFAULT, NULL, 'Implement feedback from stakeholders', '2020-10-22'), (84, DEFAULT, NULL, 'Create social media content calendar', '2020-01-09'), (85, DEFAULT, NULL, 'Conduct market research', '2020-01-01'), (86, DEFAULT, NULL, 'Create social media content calendar', '2020-05-17'), (87, DEFAULT, NULL, 'Create social media content calendar', '2020-04-04'), (88, DEFAULT, NULL, 'Review competitor analysis', '2020-04-04'), (89, DEFAULT, NULL, 'Collaborate with design team', '2020-10-22'), (90, DEFAULT, NULL, 'Develop marketing strategy', '2020-07-27'), (91, DEFAULT, NULL, 'Test new software module', '2020-08-04'), (92, DEFAULT, NULL, 'Create project timeline', '2020-07-27'), (93, DEFAULT, NULL, 'Finalize project scope', '2020-04-16'), (94, DEFAULT, NULL, 'Design user interface', '2020-01-25'), (95, DEFAULT, NULL, 'Conduct usability testing', '2020-10-02'), (96, DEFAULT, NULL, 'Review project budget', '2020-03-19'), (97, DEFAULT, NULL, 'Analyze customer feedback', '2020-12-24'), (98, DEFAULT, NULL, 'Develop marketing strategy', '2020-03-03'), (99, DEFAULT, NULL, 'Conduct usability testing', '2020-08-16'), (100, DEFAULT, NULL, 'Review competitor analysis', '2020-11-27'), (101, DEFAULT, NULL, 'Conduct market research', '2020-04-28'), (102, DEFAULT, NULL, 'Develop marketing strategy', '2020-04-24'), (103, DEFAULT, NULL, 'Collaborate with design team', '2020-12-12'), (104, DEFAULT, NULL, 'Finalize project scope', '2020-12-04'), (105, DEFAULT, NULL, 'Analyze customer feedback', '2020-01-01'), (106, DEFAULT, NULL, 'Develop marketing strategy', '2020-06-06'), (107, DEFAULT, NULL, 'Document project requirements', '2020-01-17'), (108, DEFAULT, NULL, 'Review project budget', '2020-08-08'), (109, DEFAULT, NULL, 'Design user interface', '2020-12-12'), (110, DEFAULT, NULL, 'Prepare presentation for stakeholders', '2020-05-13'), (111, DEFAULT, NULL, 'Train team on new tool', '2020-09-25'), (112, DEFAULT, NULL, 'Collaborate with design team', '2020-07-19'), (113, DEFAULT, NULL, 'Design user interface', '2020-04-12'), (114, DEFAULT, NULL, 'Develop marketing strategy', '2020-01-13'), (115, DEFAULT, NULL, 'Conduct usability testing', '2020-09-13'), (116, DEFAULT, NULL, 'Analyze customer feedback', '2020-10-06'), (117, DEFAULT, NULL, 'Document project requirements', '2020-01-05'), (118, DEFAULT, NULL, 'Prepare presentation for stakeholders', '2020-05-21'), (119, DEFAULT, NULL, 'Develop marketing strategy', '2020-11-19'), (120, DEFAULT, NULL, 'Review competitor analysis', '2020-05-05'), (121, DEFAULT, NULL, 'Design user interface', '2020-05-25'), (122, DEFAULT, NULL, 'Test new software module', '2020-01-17'), (123, DEFAULT, NULL, 'Prepare presentation for stakeholders', '2020-11-11'), (124, DEFAULT, NULL, 'Document project requirements', '2020-12-24'), (125, DEFAULT, NULL, 'Review project budget', '2020-11-19'), (126, DEFAULT, NULL, 'Design user interface', '2020-09-01'), (127, DEFAULT, NULL, 'Prepare presentation for stakeholders', '2020-08-08'), (128, DEFAULT, NULL, 'Test new software module', '2020-03-03'), (129, DEFAULT, NULL, 'Finalize project scope', '2020-05-17'), (130, DEFAULT, NULL, 'Create social media content calendar', '2020-12-04'), (131, DEFAULT, NULL, 'Document project requirements', '2020-06-06'), (132, DEFAULT, NULL, 'Schedule client meeting', '2020-11-27'), (133, DEFAULT, NULL, 'Conduct usability testing', '2020-10-22'), (134, DEFAULT, NULL, 'Prepare presentation for stakeholders', '2020-12-12'), (135, DEFAULT, NULL, 'Document project requirements', '2020-12-24'), (136, DEFAULT, NULL, 'Conduct usability testing', '2020-02-06'), (137, DEFAULT, NULL, 'Develop marketing strategy', '2020-01-09'), (138, DEFAULT, NULL, 'Design user interface', '2020-10-22'), (139, DEFAULT, NULL, 'Implement feedback from stakeholders', '2020-09-13'), (140, DEFAULT, NULL, 'Design user interface', '2020-01-17'), (141, DEFAULT, NULL, 'Collaborate with design team', '2020-05-17'), (142, DEFAULT, NULL, 'Analyze customer feedback', '2020-07-27'), (143, DEFAULT, NULL, 'Optimize website performance', '2020-07-27'), (144, DEFAULT, NULL, 'Schedule client meeting', '2020-05-05'), (145, DEFAULT, NULL, 'Schedule client meeting', '2020-06-06'), (146, DEFAULT, NULL, 'Define project milestones', '2020-05-21'), (147, DEFAULT, NULL, 'Create project timeline', '2020-01-13'), (148, DEFAULT, NULL, 'Test new software module', '2020-05-05'), (149, DEFAULT, NULL, 'Document project requirements', '2020-02-22'), (150, DEFAULT, NULL, 'Schedule client meeting', '2020-06-18'), (151, DEFAULT, NULL, 'Conduct usability testing', '2020-12-28'), (152, DEFAULT, NULL, 'Implement feedback from stakeholders', '2020-11-15'), (153, DEFAULT, NULL, 'Finalize project scope', '2020-10-10'), (154, DEFAULT, NULL, 'Conduct usability testing', '2020-07-11'), (155, DEFAULT, NULL, 'Finalize project scope', '2020-10-26'), (156, DEFAULT, NULL, 'Implement feedback from stakeholders', '2020-01-13'), (157, DEFAULT, NULL, 'Create social media content calendar', '2020-12-13'), (158, DEFAULT, NULL, 'Train team on new tool', '2020-11-11'), (159, DEFAULT, NULL, 'Implement feedback from stakeholders', '2020-12-16'), (160, DEFAULT, NULL, 'Conduct usability testing', '2020-08-16'), (161, DEFAULT, NULL, 'Finalize project scope', '2020-12-24'), (162, DEFAULT, NULL, 'Finalize project scope', '2020-05-13'), (163, DEFAULT, NULL, 'Document project requirements', '2020-06-02'), (164, DEFAULT, NULL, 'Develop marketing strategy', '2020-10-18'), (165, DEFAULT, NULL, 'Implement feedback from stakeholders', '2020-04-16'), (166, DEFAULT, NULL, 'Conduct usability testing', '2020-08-28'), (167, DEFAULT, NULL, 'Finalize project scope', '2020-12-20'), (168, DEFAULT, NULL, 'Write code for feature XYZ', '2020-11-03'), (169, DEFAULT, NULL, 'Document project requirements', '2020-05-21'), (170, DEFAULT, NULL, 'Review project budget', '2020-09-05'), (171, DEFAULT, NULL, 'Implement feedback from stakeholders', '2020-08-20'), (172, DEFAULT, NULL, 'Review project budget', '2020-02-02'), (173, DEFAULT, NULL, 'Create project timeline', '2020-08-12'), (174, DEFAULT, NULL, 'Implement feedback from stakeholders', '2020-05-09'), (175, DEFAULT, NULL, 'Train team on new tool', '2020-02-06'), (176, DEFAULT, NULL, 'Review project budget', '2020-02-14'), (177, DEFAULT, NULL, 'Develop marketing strategy', '2020-11-03'), (178, DEFAULT, NULL, 'Prepare presentation for stakeholders', '2020-04-28'), (179, DEFAULT, NULL, 'Schedule client meeting', '2020-07-27'), (180, DEFAULT, NULL, 'Optimize website performance', '2020-01-25'), (181, DEFAULT, NULL, 'Schedule client meeting', '2020-09-09'), (182, DEFAULT, NULL, 'Schedule client meeting', '2020-09-21'), (183, DEFAULT, NULL, 'Develop marketing strategy', '2020-09-01'), (184, DEFAULT, NULL, 'Optimize website performance', '2020-03-19'), (185, DEFAULT, NULL, 'Train team on new tool', '2020-10-18'), (186, DEFAULT, NULL, 'Finalize project scope', '2020-06-14'), (187, DEFAULT, NULL, 'Create project timeline', '2020-06-06'), (188, DEFAULT, NULL, 'Review project budget', '2020-12-20'), (189, DEFAULT, NULL, 'Review competitor analysis', '2020-01-17'), (190, DEFAULT, NULL, 'Create social media content calendar', '2020-10-26'), (191, DEFAULT, NULL, 'Finalize project scope', '2020-01-13'), (192, DEFAULT, NULL, 'Collaborate with design team', '2020-12-12'), (193, DEFAULT, NULL, 'Analyze customer feedback', '2020-12-08'), (194, DEFAULT, NULL, 'Document project requirements', '2020-12-28'), (195, DEFAULT, NULL, 'Create social media content calendar', '2020-03-11'), (196, DEFAULT, NULL, 'Design user interface', '2020-09-21'), (197, DEFAULT, NULL, 'Develop marketing strategy', '2020-04-16'), (198, DEFAULT, NULL, 'Optimize website performance', '2020-12-24'), (199, DEFAULT, NULL, 'Prepare presentation for stakeholders', '2020-02-18'), (200, DEFAULT, NULL, 'Review project budget', '2020-03-19'), (201, DEFAULT, NULL, 'Schedule client meeting', '2020-07-03'), (202, DEFAULT, NULL, 'Finalize project scope', '2020-05-25'), (203, DEFAULT, NULL, 'Test new software module', '2020-07-23'), (204, DEFAULT, NULL, 'Design user interface', '2020-05-25'), (205, DEFAULT, NULL, 'Write code for feature XYZ', '2020-02-14'), (206, DEFAULT, NULL, 'Implement feedback from stakeholders', '2020-04-12'), (207, DEFAULT, NULL, 'Test new software module', '2020-07-27'), (208, DEFAULT, NULL, 'Define project milestones', '2020-06-14'), (209, DEFAULT, NULL, 'Optimize website performance', '2020-03-07'), (210, DEFAULT, NULL, 'Schedule client meeting', '2020-01-25'), (211, DEFAULT, NULL, 'Finalize project scope', '2020-09-01'), (212, DEFAULT, NULL, 'Review competitor analysis', '2020-03-03'), (213, DEFAULT, NULL, 'Define project milestones', '2020-05-13'), (214, DEFAULT, NULL, 'Optimize website performance', '2020-02-06'), (215, DEFAULT, NULL, 'Analyze customer feedback', '2020-04-20'), (216, DEFAULT, NULL, 'Finalize project scope', '2020-08-24'), (217, DEFAULT, NULL, 'Develop marketing strategy', '2020-08-28'), (218, DEFAULT, NULL, 'Review competitor analysis', '2020-12-04'), (219, DEFAULT, NULL, 'Develop marketing strategy', '2020-04-28'), (220, DEFAULT, NULL, 'Review project budget', '2020-08-08'), (221, DEFAULT, NULL, 'Optimize website performance', '2020-10-02'), (222, DEFAULT, NULL, 'Define project milestones', '2020-01-21'), (223, DEFAULT, NULL, 'Document project requirements', '2020-03-03'), (224, DEFAULT, NULL, 'Schedule client meeting', '2020-09-25'), (225, DEFAULT, NULL, 'Create social media content calendar', '2020-05-13'), (226, DEFAULT, NULL, 'Develop marketing strategy', '2020-08-12'), (227, DEFAULT, NULL, 'Design user interface', '2020-02-14'), (228, DEFAULT, NULL, 'Create project timeline', '2020-07-03'), (229, DEFAULT, NULL, 'Test new software module', '2020-02-10'), (230, DEFAULT, NULL, 'Train team on new tool', '2020-02-18'), (231, DEFAULT, NULL, 'Document project requirements', '2020-12-04'), (232, DEFAULT, NULL, 'Define project milestones', '2020-07-07'), (233, DEFAULT, NULL, 'Define project milestones', '2020-11-07'), (234, DEFAULT, NULL, 'Document project requirements', '2020-03-27'), (235, DEFAULT, NULL, 'Define project milestones', '2020-07-03'), (236, DEFAULT, NULL, 'Finalize project scope', '2020-05-25'), (237, DEFAULT, NULL, 'Conduct market research', '2020-05-13'), (238, DEFAULT, NULL, 'Conduct usability testing', '2020-05-01'), (239, DEFAULT, NULL, 'Define project milestones', '2020-11-03'), (240, DEFAULT, NULL, 'Conduct market research', '2020-07-19'), (241, DEFAULT, NULL, 'Prepare presentation for stakeholders', '2020-01-01'), (242, DEFAULT, NULL, 'Document project requirements', '2020-10-18'), (243, DEFAULT, NULL, 'Write code for feature XYZ', '2020-10-10'), (244, DEFAULT, NULL, 'Collaborate with design team', '2020-11-03'), (245, DEFAULT, NULL, 'Finalize project scope', '2020-12-28'), (246, DEFAULT, NULL, 'Finalize project scope', '2020-11-23'), (247, DEFAULT, NULL, 'Collaborate with design team', '2020-12-24'), (248, DEFAULT, NULL, 'Analyze customer feedback', '2020-07-07'), (249, DEFAULT, NULL, 'Implement feedback from stakeholders', '2020-12-05'), (250, DEFAULT, NULL, 'Test new software module', '2020-12-04'), (251, DEFAULT, NULL, 'Finalize project scope', '2020-03-07'), (252, DEFAULT, NULL, 'Conduct usability testing', '2020-03-27'), (253, DEFAULT, NULL, 'Prepare presentation for stakeholders', '2020-11-27'), (254, DEFAULT, NULL, 'Test new software module', '2020-01-09'), (255, DEFAULT, NULL, 'Write code for feature XYZ', '2020-05-17'), (256, DEFAULT, NULL, 'Implement feedback from stakeholders', '2020-05-05'), (257, DEFAULT, NULL, 'Conduct usability testing', '2020-03-15'), (258, DEFAULT, NULL, 'Define project milestones', '2020-06-18'), (259, DEFAULT, NULL, 'Create project timeline', '2020-06-10'), (260, DEFAULT, NULL, 'Train team on new tool', '2020-07-07'), (261, DEFAULT, NULL, 'Optimize website performance', '2020-05-05'), (262, DEFAULT, NULL, 'Conduct market research', '2020-10-06'), (263, DEFAULT, NULL, 'Conduct usability testing', '2020-02-14'), (264, DEFAULT, NULL, 'Conduct market research', '2020-06-14'), (265, DEFAULT, NULL, 'Test new software module', '2020-03-03'), (266, DEFAULT, NULL, 'Write code for feature XYZ', '2020-05-13'), (267, DEFAULT, NULL, 'Test new software module', '2020-09-21'), (268, DEFAULT, NULL, 'Design user interface', '2020-05-09'), (269, DEFAULT, NULL, 'Implement feedback from stakeholders', '2020-01-17'), (270, DEFAULT, NULL, 'Design user interface', '2020-04-24'), (271, DEFAULT, NULL, 'Conduct usability testing', '2020-08-20'), (272, DEFAULT, NULL, 'Train team on new tool', '2020-06-22'), (273, DEFAULT, NULL, 'Create social media content calendar', '2020-11-03'), (274, DEFAULT, NULL, 'Collaborate with design team', '2020-12-20'), (275, DEFAULT, NULL, 'Conduct market research', '2020-04-04'), (276, DEFAULT, NULL, 'Develop marketing strategy', '2020-07-07'), (277, DEFAULT, NULL, 'Define project milestones', '2020-09-25'), (278, DEFAULT, NULL, 'Define project milestones', '2020-09-21'), (279, DEFAULT, NULL, 'Review competitor analysis', '2020-12-20'), (280, DEFAULT, NULL, 'Collaborate with design team', '2020-10-06'), (281, DEFAULT, NULL, 'Test new software module', '2020-11-27'), (282, DEFAULT, NULL, 'Conduct usability testing', '2020-08-20'), (283, DEFAULT, NULL, 'Implement feedback from stakeholders', '2020-02-22'), (284, DEFAULT, NULL, 'Review competitor analysis', '2020-02-02'), (285, DEFAULT, NULL, 'Conduct market research', '2020-03-11'), (286, DEFAULT, NULL, 'Design user interface', '2020-05-09'), (287, DEFAULT, NULL, 'Create social media content calendar', '2020-01-05'), (288, DEFAULT, NULL, 'Review competitor analysis', '2020-03-19'), (289, DEFAULT, NULL, 'Create social media content calendar', '2020-08-28'), (290, DEFAULT, NULL, 'Schedule client meeting', '2020-03-07'), (291, DEFAULT, NULL, 'Collaborate with design team', '2020-11-03'), (292, DEFAULT, NULL, 'Review project budget', '2020-08-24'), (293, DEFAULT, NULL, 'Collaborate with design team', '2020-07-27'), (294, DEFAULT, NULL, 'Review competitor analysis', '2020-05-21'), (295, DEFAULT, NULL, 'Design user interface', '2020-12-20'), (296, DEFAULT, NULL, 'Create social media content calendar', '2020-09-09'), (297, DEFAULT, NULL, 'Document project requirements', '2020-12-25'), (298, DEFAULT, NULL, 'Document project requirements', '2020-01-13'), (299, DEFAULT, NULL, 'Finalize project scope', '2020-02-10'), (300, DEFAULT, NULL, 'Optimize website performance', '2020-04-16'), (301, DEFAULT, NULL, 'Develop marketing strategy', '2020-11-11'), (302, DEFAULT, NULL, 'Finalize project scope', '2020-09-25'), (303, DEFAULT, NULL, 'Implement feedback from stakeholders', '2020-07-03'), (304, DEFAULT, NULL, 'Create project timeline', '2020-11-07'), (305, DEFAULT, NULL, 'Train team on new tool', '2020-12-12'), (306, DEFAULT, NULL, 'Analyze customer feedback', '2020-03-03'), (307, DEFAULT, NULL, 'Finalize project scope', '2020-01-09'), (308, DEFAULT, NULL, 'Conduct market research', '2020-12-16'), (309, DEFAULT, NULL, 'Develop marketing strategy', '2020-09-05'), (310, DEFAULT, NULL, 'Optimize website performance', '2020-06-22'), (311, DEFAULT, NULL, 'Review project budget', '2020-08-16'), (312, DEFAULT, NULL, 'Prepare presentation for stakeholders', '2020-03-19'), (313, DEFAULT, NULL, 'Implement feedback from stakeholders', '2020-10-14'), (314, DEFAULT, NULL, 'Train team on new tool', '2020-09-05'), (315, DEFAULT, NULL, 'Optimize website performance', '2020-08-20'), (316, DEFAULT, NULL, 'Review project budget', '2020-04-20'), (317, DEFAULT, NULL, 'Optimize website performance', '2020-01-21'), (318, DEFAULT, NULL, 'Prepare presentation for stakeholders', '2020-08-28'), (319, DEFAULT, NULL, 'Optimize website performance', '2020-03-19'), (320, DEFAULT, NULL, 'Define project milestones', '2020-07-07'), (321, DEFAULT, NULL, 'Train team on new tool', '2020-06-14'), (322, DEFAULT, NULL, 'Test new software module', '2020-11-07'), (323, DEFAULT, NULL, 'Develop marketing strategy', '2020-09-13'), (324, DEFAULT, NULL, 'Write code for feature XYZ', '2020-07-03'), (325, DEFAULT, NULL, 'Conduct usability testing', '2020-10-02'), (326, DEFAULT, NULL, 'Analyze customer feedback', '2020-09-25'), (327, DEFAULT, NULL, 'Design user interface', '2020-03-23'), (328, DEFAULT, NULL, 'Write code for feature XYZ', '2020-07-23'), (329, DEFAULT, NULL, 'Review competitor analysis', '2020-04-28'), (330, DEFAULT, NULL, 'Review competitor analysis', '2020-10-10'), (331, DEFAULT, NULL, 'Conduct market research', '2020-04-08'), (332, DEFAULT, NULL, 'Train team on new tool', '2020-01-09'), (333, DEFAULT, NULL, 'Train team on new tool', '2020-07-23'), (334, DEFAULT, NULL, 'Document project requirements', '2020-10-26'), (335, DEFAULT, NULL, 'Schedule client meeting', '2020-12-08'), (336, DEFAULT, NULL, 'Write code for feature XYZ', '2020-03-11'), (337, DEFAULT, NULL, 'Finalize project scope', '2020-01-21'), (338, DEFAULT, NULL, 'Create social media content calendar', '2020-09-01'), (339, DEFAULT, NULL, 'Conduct market research', '2020-01-05'), (340, DEFAULT, NULL, 'Test new software module', '2020-08-24'), (341, DEFAULT, NULL, 'Review competitor analysis', '2020-02-14'), (342, DEFAULT, NULL, 'Finalize project scope', '2020-03-03'), (343, DEFAULT, NULL, 'Conduct usability testing', '2020-07-19'), (344, DEFAULT, NULL, 'Create social media content calendar', '2020-12-16'), (345, DEFAULT, NULL, 'Optimize website performance', '2020-06-22'), (346, DEFAULT, NULL, 'Review competitor analysis', '2020-11-15'), (347, DEFAULT, NULL, 'Design user interface', '2020-10-18'), (348, DEFAULT, NULL, 'Collaborate with design team', '2020-05-01'), (349, DEFAULT, NULL, 'Prepare presentation for stakeholders', '2020-08-24'), (350, DEFAULT, NULL, 'Define project milestones', '2020-09-13'), (351, DEFAULT, NULL, 'Define project milestones', '2020-08-12'), (352, DEFAULT, NULL, 'Document project requirements', '2020-10-02'), (353, DEFAULT, NULL, 'Test new software module', '2020-12-05'), (354, DEFAULT, NULL, 'Prepare presentation for stakeholders', '2020-04-12'), (355, DEFAULT, NULL, 'Conduct usability testing', '2020-12-20'), (356, DEFAULT, NULL, 'Collaborate with design team', '2020-10-26'), (357, DEFAULT, NULL, 'Conduct usability testing', '2020-12-20'), (358, DEFAULT, NULL, 'Schedule client meeting', '2020-12-04'), (359, DEFAULT, NULL, 'Train team on new tool', '2020-06-02'), (360, DEFAULT, NULL, 'Develop marketing strategy', '2020-11-27'), (361, DEFAULT, NULL, 'Create project timeline', '2020-09-25'), (362, DEFAULT, NULL, 'Test new software module', '2020-09-25'), (363, DEFAULT, NULL, 'Prepare presentation for stakeholders', '2020-06-06'), (364, DEFAULT, NULL, 'Review project budget', '2020-12-28'), (365, DEFAULT, NULL, 'Create social media content calendar', '2020-03-23'), (366, DEFAULT, NULL, 'Conduct market research', '2020-11-23'), (367, DEFAULT, NULL, 'Collaborate with design team', '2020-05-09'), (368, DEFAULT, NULL, 'Design user interface', '2020-05-13'), (369, DEFAULT, NULL, 'Collaborate with design team', '2020-06-22'), (370, DEFAULT, NULL, 'Schedule client meeting', '2020-11-03'), (371, DEFAULT, NULL, 'Test new software module', '2020-02-18'), (372, DEFAULT, NULL, 'Optimize website performance', '2020-12-17'), (373, DEFAULT, NULL, 'Review project budget', '2020-02-18'), (374, DEFAULT, NULL, 'Create project timeline', '2020-06-22'), (375, DEFAULT, NULL, 'Optimize website performance', '2020-08-24'), (376, DEFAULT, NULL, 'Create social media content calendar', '2020-06-02'), (377, DEFAULT, NULL, 'Conduct usability testing', '2020-08-04'), (378, DEFAULT, NULL, 'Optimize website performance', '2020-10-10'), (379, DEFAULT, NULL, 'Review project budget', '2020-05-21'), (380, DEFAULT, NULL, 'Write code for feature XYZ', '2020-03-19'), (381, DEFAULT, NULL, 'Optimize website performance', '2020-04-08'), (382, DEFAULT, NULL, 'Prepare presentation for stakeholders', '2020-11-11'), (383, DEFAULT, NULL, 'Conduct usability testing', '2020-10-14'), (384, DEFAULT, NULL, 'Analyze customer feedback', '2020-10-06'), (385, DEFAULT, NULL, 'Prepare presentation for stakeholders', '2020-01-01'), (386, DEFAULT, NULL, 'Implement feedback from stakeholders', '2020-08-08'), (387, DEFAULT, NULL, 'Finalize project scope', '2020-11-03'), (388, DEFAULT, NULL, 'Implement feedback from stakeholders', '2020-12-12'), (389, DEFAULT, NULL, 'Schedule client meeting', '2020-09-21'), (390, DEFAULT, NULL, 'Optimize website performance', '2020-05-01'), (391, DEFAULT, NULL, 'Create social media content calendar', '2020-10-10'), (392, DEFAULT, NULL, 'Collaborate with design team', '2020-10-22'), (393, DEFAULT, NULL, 'Collaborate with design team', '2020-12-24'), (394, DEFAULT, NULL, 'Review competitor analysis', '2020-03-19'), (395, DEFAULT, NULL, 'Train team on new tool', '2020-09-13'), (396, DEFAULT, NULL, 'Train team on new tool', '2020-01-17'), (397, DEFAULT, NULL, 'Collaborate with design team', '2020-11-11'), (398, DEFAULT, NULL, 'Define project milestones', '2020-08-04'), (399, DEFAULT, NULL, 'Review project budget', '2020-02-02'), (400, DEFAULT, NULL, 'Conduct usability testing', '2020-09-17'), (401, DEFAULT, NULL, 'Create project timeline', '2020-04-04'), (402, DEFAULT, NULL, 'Create social media content calendar', '2020-05-17'), (403, DEFAULT, NULL, 'Write code for feature XYZ', '2020-02-10'), (404, DEFAULT, NULL, 'Document project requirements', '2020-05-09'), (405, DEFAULT, NULL, 'Design user interface', '2020-07-15'), (406, DEFAULT, NULL, 'Develop marketing strategy', '2020-10-18'), (407, DEFAULT, NULL, 'Create project timeline', '2020-06-26'), (408, DEFAULT, NULL, 'Prepare presentation for stakeholders', '2020-04-28'), (409, DEFAULT, NULL, 'Define project milestones', '2020-08-04'), (410, DEFAULT, NULL, 'Optimize website performance', '2020-08-24'), (411, DEFAULT, NULL, 'Create social media content calendar', '2020-11-03'), (412, DEFAULT, NULL, 'Train team on new tool', '2020-06-18'), (413, DEFAULT, NULL, 'Optimize website performance', '2020-02-02'), (414, DEFAULT, NULL, 'Prepare presentation for stakeholders', '2020-11-15'), (415, DEFAULT, NULL, 'Design user interface', '2020-02-06'), (416, DEFAULT, NULL, 'Analyze customer feedback', '2020-04-04'), (417, DEFAULT, NULL, 'Define project milestones', '2020-03-11'), (418, DEFAULT, NULL, 'Optimize website performance', '2020-12-28'), (419, DEFAULT, NULL, 'Analyze customer feedback', '2020-02-26'), (420, DEFAULT, NULL, 'Conduct market research', '2020-10-06'), (421, DEFAULT, NULL, 'Conduct market research', '2020-08-04'), (422, DEFAULT, NULL, 'Write code for feature XYZ', '2020-10-10'), (423, DEFAULT, NULL, 'Create social media content calendar', '2020-01-05'), (424, DEFAULT, NULL, 'Design user interface', '2020-09-25'), (425, DEFAULT, NULL, 'Collaborate with design team', '2020-09-17'), (426, DEFAULT, NULL, 'Develop marketing strategy', '2020-08-16'), (427, DEFAULT, NULL, 'Review competitor analysis', '2020-12-16'), (428, DEFAULT, NULL, 'Analyze customer feedback', '2020-09-09'), (429, DEFAULT, NULL, 'Test new software module', '2020-05-09'), (430, DEFAULT, NULL, 'Review project budget', '2020-01-21'), (431, DEFAULT, NULL, 'Conduct market research', '2020-06-02'), (432, DEFAULT, NULL, 'Document project requirements', '2020-03-27'), (433, DEFAULT, NULL, 'Write code for feature XYZ', '2020-09-13'), (434, DEFAULT, NULL, 'Collaborate with design team', '2020-09-09'), (435, DEFAULT, NULL, 'Develop marketing strategy', '2020-02-26'), (436, DEFAULT, NULL, 'Optimize website performance', '2020-11-19'), (437, DEFAULT, NULL, 'Finalize project scope', '2020-12-08'), (438, DEFAULT, NULL, 'Create project timeline', '2020-11-07'), (439, DEFAULT, NULL, 'Create social media content calendar', '2020-02-02'), (440, DEFAULT, NULL, 'Analyze customer feedback', '2020-10-18'), (441, DEFAULT, NULL, 'Conduct market research', '2020-01-25'), (442, DEFAULT, NULL, 'Develop marketing strategy', '2020-11-23'), (443, DEFAULT, NULL, 'Define project milestones', '2020-07-15'), (444, DEFAULT, NULL, 'Design user interface', '2020-08-16'), (445, DEFAULT, NULL, 'Review competitor analysis', '2020-11-27'), (446, DEFAULT, NULL, 'Conduct usability testing', '2020-11-23'), (447, DEFAULT, NULL, 'Analyze customer feedback', '2020-12-24'), (448, DEFAULT, NULL, 'Design user interface', '2020-08-08'), (449, DEFAULT, NULL, 'Create social media content calendar', '2020-03-27'), (450, DEFAULT, NULL, 'Develop marketing strategy', '2020-09-09'), (451, DEFAULT, NULL, 'Analyze customer feedback', '2020-06-26'), (452, DEFAULT, NULL, 'Define project milestones', '2020-10-10'), (453, DEFAULT, NULL, 'Finalize project scope', '2020-03-23'), (454, DEFAULT, NULL, 'Review competitor analysis', '2020-04-24'), (455, DEFAULT, NULL, 'Review competitor analysis', '2020-06-06'), (456, DEFAULT, NULL, 'Write code for feature XYZ', '2020-01-21'), (457, DEFAULT, NULL, 'Write code for feature XYZ', '2020-08-16'), (458, DEFAULT, NULL, 'Conduct usability testing', '2020-06-02'), (459, DEFAULT, NULL, 'Schedule client meeting', '2020-05-21'), (460, DEFAULT, NULL, 'Implement feedback from stakeholders', '2020-10-06'), (461, DEFAULT, NULL, 'Train team on new tool', '2020-11-03'), (462, DEFAULT, NULL, 'Collaborate with design team', '2020-03-19'), (463, DEFAULT, NULL, 'Review competitor analysis', '2020-02-18'), (464, DEFAULT, NULL, 'Schedule client meeting', '2020-04-04'), (465, DEFAULT, NULL, 'Train team on new tool', '2020-09-21'), (466, DEFAULT, NULL, 'Conduct usability testing', '2020-12-16'), (467, DEFAULT, NULL, 'Optimize website performance', '2020-11-07'), (468, DEFAULT, NULL, 'Create social media content calendar', '2020-09-09'), (469, DEFAULT, NULL, 'Train team on new tool', '2020-05-05'), (470, DEFAULT, NULL, 'Implement feedback from stakeholders', '2020-05-25'), (471, DEFAULT, NULL, 'Review project budget', '2020-09-09'), (472, DEFAULT, NULL, 'Conduct usability testing', '2020-10-10'), (473, DEFAULT, NULL, 'Create social media content calendar', '2020-07-07'), (474, DEFAULT, NULL, 'Develop marketing strategy', '2020-04-12'), (475, DEFAULT, NULL, 'Design user interface', '2020-02-06'), (476, DEFAULT, NULL, 'Implement feedback from stakeholders', '2020-01-21'), (477, DEFAULT, NULL, 'Implement feedback from stakeholders', '2020-03-19'), (478, DEFAULT, NULL, 'Conduct usability testing', '2020-06-18'), (479, DEFAULT, NULL, 'Design user interface', '2020-03-15'), (480, DEFAULT, NULL, 'Conduct market research', '2020-04-24'), (481, DEFAULT, NULL, 'Analyze customer feedback', '2020-02-14'), (482, DEFAULT, NULL, 'Train team on new tool', '2020-02-02'), (483, DEFAULT, NULL, 'Create project timeline', '2020-06-10'), (484, DEFAULT, NULL, 'Write code for feature XYZ', '2020-09-25'), (485, DEFAULT, NULL, 'Analyze customer feedback', '2020-01-01'), (486, DEFAULT, NULL, 'Analyze customer feedback', '2020-06-18'), (487, DEFAULT, NULL, 'Optimize website performance', '2020-11-07'), (488, DEFAULT, NULL, 'Optimize website performance', '2020-04-28'), (489, DEFAULT, NULL, 'Optimize website performance', '2020-12-16'), (490, DEFAULT, NULL, 'Optimize website performance', '2020-01-09'), (491, DEFAULT, NULL, 'Analyze customer feedback', '2020-08-12'), (492, DEFAULT, NULL, 'Finalize project scope', '2020-09-17'), (493, DEFAULT, NULL, 'Review project budget', '2020-04-08'), (494, DEFAULT, NULL, 'Conduct market research', '2020-10-14'), (495, DEFAULT, NULL, 'Analyze customer feedback', '2020-04-12'), (496, DEFAULT, NULL, 'Develop marketing strategy', '2020-01-05'), (497, DEFAULT, NULL, 'Conduct market research', '2020-10-02'), (498, DEFAULT, NULL, 'Review project budget', '2020-10-14'), (499, DEFAULT, NULL, 'Prepare presentation for stakeholders', '2020-09-21'), (500, DEFAULT, NULL, 'Analyze customer feedback', '2020-12-28'), (501, DEFAULT, NULL, 'Review competitor analysis', '2020-09-21'), (502, DEFAULT, NULL, 'Develop marketing strategy', '2020-12-20'), (503, DEFAULT, NULL, 'Test new software module', '2020-11-23'), (504, DEFAULT, NULL, 'Review competitor analysis', '2020-03-11'), (505, DEFAULT, NULL, 'Optimize website performance', '2020-01-01'), (506, DEFAULT, NULL, 'Conduct usability testing', '2020-05-17'), (507, DEFAULT, NULL, 'Create social media content calendar', '2020-06-02'), (508, DEFAULT, NULL, 'Define project milestones', '2020-09-01'), (509, DEFAULT, NULL, 'Develop marketing strategy', '2020-06-14'), (510, DEFAULT, NULL, 'Create project timeline', '2020-05-21'), (511, DEFAULT, NULL, 'Write code for feature XYZ', '2020-06-18'), (512, DEFAULT, NULL, 'Analyze customer feedback', '2020-11-23'), (513, DEFAULT, NULL, 'Review project budget', '2020-09-25'), (514, DEFAULT, NULL, 'Define project milestones', '2020-09-21'), (515, DEFAULT, NULL, 'Test new software module', '2020-07-03'), (516, DEFAULT, NULL, 'Develop marketing strategy', '2020-06-02'), (517, DEFAULT, NULL, 'Finalize project scope', '2020-02-02'), (518, DEFAULT, NULL, 'Define project milestones', '2020-09-01'), (519, DEFAULT, NULL, 'Test new software module', '2020-06-18'), (520, DEFAULT, NULL, 'Train team on new tool', '2020-02-06'), (521, DEFAULT, NULL, 'Conduct market research', '2020-10-10'), (522, DEFAULT, NULL, 'Develop marketing strategy', '2020-06-22'), (523, DEFAULT, NULL, 'Test new software module', '2020-08-04'), (524, DEFAULT, NULL, 'Finalize project scope', '2020-04-28'), (525, DEFAULT, NULL, 'Review competitor analysis', '2020-03-19'), (526, DEFAULT, NULL, 'Train team on new tool', '2020-10-02'), (527, DEFAULT, NULL, 'Define project milestones', '2020-02-22'), (528, DEFAULT, NULL, 'Test new software module', '2020-02-26'), (529, DEFAULT, NULL, 'Analyze customer feedback', '2020-05-09'), (530, DEFAULT, NULL, 'Create project timeline', '2020-10-14'), (531, DEFAULT, NULL, 'Document project requirements', '2020-04-24'), (532, DEFAULT, NULL, 'Test new software module', '2020-01-17'), (533, DEFAULT, NULL, 'Design user interface', '2020-12-12'), (534, DEFAULT, NULL, 'Create social media content calendar', '2020-06-10'), (535, DEFAULT, NULL, 'Optimize website performance', '2020-03-11'), (536, DEFAULT, NULL, 'Design user interface', '2020-02-10'), (537, DEFAULT, NULL, 'Create project timeline', '2020-01-25'), (538, DEFAULT, NULL, 'Prepare presentation for stakeholders', '2020-10-06'), (539, DEFAULT, NULL, 'Review competitor analysis', '2020-04-28'), (540, DEFAULT, NULL, 'Review project budget', '2020-11-11'), (541, DEFAULT, NULL, 'Collaborate with design team', '2020-12-28'), (542, DEFAULT, NULL, 'Define project milestones', '2020-10-10'), (543, DEFAULT, NULL, 'Design user interface', '2020-11-27'), (544, DEFAULT, NULL, 'Write code for feature XYZ', '2020-08-08'), (545, DEFAULT, NULL, 'Define project milestones', '2020-07-19'), (546, DEFAULT, NULL, 'Prepare presentation for stakeholders', '2020-08-12'), (547, DEFAULT, NULL, 'Conduct usability testing', '2020-12-20'), (548, DEFAULT, NULL, 'Conduct market research', '2020-01-05'), (549, DEFAULT, NULL, 'Review competitor analysis', '2020-09-01'), (550, DEFAULT, NULL, 'Implement feedback from stakeholders', '2020-10-22'), (551, DEFAULT, NULL, 'Finalize project scope', '2020-09-05'), (552, DEFAULT, NULL, 'Design user interface', '2020-12-04'), (553, DEFAULT, NULL, 'Review project budget', '2020-04-12'), (554, DEFAULT, NULL, 'Create social media content calendar', '2020-06-22'), (555, DEFAULT, NULL, 'Review competitor analysis', '2020-03-11'), (556, DEFAULT, NULL, 'Design user interface', '2020-12-28'), (557, DEFAULT, NULL, 'Train team on new tool', '2020-12-05'), (558, DEFAULT, NULL, 'Implement feedback from stakeholders', '2020-07-07'), (559, DEFAULT, NULL, 'Write code for feature XYZ', '2020-07-19'), (560, DEFAULT, NULL, 'Define project milestones', '2020-09-17'), (561, DEFAULT, NULL, 'Define project milestones', '2020-04-28'), (562, DEFAULT, NULL, 'Implement feedback from stakeholders', '2020-05-01'), (563, DEFAULT, NULL, 'Write code for feature XYZ', '2020-03-19'), (564, DEFAULT, NULL, 'Develop marketing strategy', '2020-06-06'), (565, DEFAULT, NULL, 'Document project requirements', '2020-04-12'), (566, DEFAULT, NULL, 'Review project budget', '2020-02-02'), (567, DEFAULT, NULL, 'Analyze customer feedback', '2020-06-26'), (568, DEFAULT, NULL, 'Review competitor analysis', '2020-06-14'), (569, DEFAULT, NULL, 'Conduct market research', '2020-11-27'), (570, DEFAULT, NULL, 'Schedule client meeting', '2020-06-14'), (571, DEFAULT, NULL, 'Analyze customer feedback', '2020-02-18'), (572, DEFAULT, NULL, 'Train team on new tool', '2020-10-26'), (573, DEFAULT, NULL, 'Document project requirements', '2020-05-13'), (574, DEFAULT, NULL, 'Prepare presentation for stakeholders', '2020-09-09'), (575, DEFAULT, NULL, 'Schedule client meeting', '2020-04-24'), (576, DEFAULT, NULL, 'Document project requirements', '2020-09-25'), (577, DEFAULT, NULL, 'Document project requirements', '2020-03-19'), (578, DEFAULT, NULL, 'Collaborate with design team', '2020-06-26'), (579, DEFAULT, NULL, 'Conduct usability testing', '2020-11-23'), (580, DEFAULT, NULL, 'Test new software module', '2020-07-11'), (581, DEFAULT, NULL, 'Collaborate with design team', '2020-04-08'), (582, DEFAULT, NULL, 'Test new software module', '2020-02-18'), (583, DEFAULT, NULL, 'Prepare presentation for stakeholders', '2020-08-16'), (584, DEFAULT, NULL, 'Schedule client meeting', '2020-01-09'), (585, DEFAULT, NULL, 'Review competitor analysis', '2020-03-11'), (586, DEFAULT, NULL, 'Prepare presentation for stakeholders', '2020-01-05'), (587, DEFAULT, NULL, 'Finalize project scope', '2020-02-10'), (588, DEFAULT, NULL, 'Test new software module', '2020-08-24'), (589, DEFAULT, NULL, 'Prepare presentation for stakeholders', '2020-03-07'), (590, DEFAULT, NULL, 'Prepare presentation for stakeholders', '2020-06-06'), (591, DEFAULT, NULL, 'Conduct usability testing', '2020-12-24'), (592, DEFAULT, NULL, 'Document project requirements', '2020-02-18'), (593, DEFAULT, NULL, 'Schedule client meeting', '2020-06-06'), (594, DEFAULT, NULL, 'Create social media content calendar', '2020-11-23'), (595, DEFAULT, NULL, 'Finalize project scope', '2020-05-09'), (596, DEFAULT, NULL, 'Collaborate with design team', '2020-03-27'), (597, DEFAULT, NULL, 'Optimize website performance', '2020-05-13'), (598, DEFAULT, NULL, 'Collaborate with design team', '2020-03-23'), (599, DEFAULT, NULL, 'Schedule client meeting', '2020-02-02'), (600, DEFAULT, NULL, 'Analyze customer feedback', '2020-02-02'), (601, DEFAULT, NULL, 'Review competitor analysis', '2020-04-08'), (602, DEFAULT, NULL, 'Finalize project scope', '2020-08-12'), (603, DEFAULT, NULL, 'Create social media content calendar', '2020-03-11'), (604, DEFAULT, NULL, 'Prepare presentation for stakeholders', '2020-02-06'), (605, DEFAULT, NULL, 'Write code for feature XYZ', '2020-01-21'), (606, DEFAULT, NULL, 'Implement feedback from stakeholders', '2020-07-27'), (607, DEFAULT, NULL, 'Conduct market research', '2020-02-22'), (608, DEFAULT, NULL, 'Conduct usability testing', '2020-11-15'), (609, DEFAULT, NULL, 'Finalize project scope', '2020-04-20'), (610, DEFAULT, NULL, 'Collaborate with design team', '2020-04-20'), (611, DEFAULT, NULL, 'Optimize website performance', '2020-04-08'), (612, DEFAULT, NULL, 'Test new software module', '2020-12-20'), (613, DEFAULT, NULL, 'Create social media content calendar', '2020-11-19'), (614, DEFAULT, NULL, 'Test new software module', '2020-09-01'), (615, DEFAULT, NULL, 'Prepare presentation for stakeholders', '2020-02-18'), (616, DEFAULT, NULL, 'Create project timeline', '2020-09-01'), (617, DEFAULT, NULL, 'Optimize website performance', '2020-05-13'), (618, DEFAULT, NULL, 'Schedule client meeting', '2020-07-27'), (619, DEFAULT, NULL, 'Conduct market research', '2020-09-01'), (620, DEFAULT, NULL, 'Analyze customer feedback', '2020-08-16'), (621, DEFAULT, NULL, 'Develop marketing strategy', '2020-11-03'), (622, DEFAULT, NULL, 'Write code for feature XYZ', '2020-10-18'), (623, DEFAULT, NULL, 'Collaborate with design team', '2020-05-25'), (624, DEFAULT, NULL, 'Collaborate with design team', '2020-03-23'), (625, DEFAULT, NULL, 'Implement feedback from stakeholders', '2020-09-13');
UPDATE public.projects SET user_id = '0f5d546a-dd80-5406-a005-a4f3061b9fb4' WHERE id = 1;
UPDATE public.projects SET user_id = '0f5d546a-dd80-5406-a005-a4f3061b9fb4' WHERE id = 2;
UPDATE public.projects SET user_id = '0f5d546a-dd80-5406-a005-a4f3061b9fb4' WHERE id = 3;
UPDATE public.projects SET user_id = '0f5d546a-dd80-5406-a005-a4f3061b9fb4' WHERE id = 4;
UPDATE public.projects SET user_id = '0f5d546a-dd80-5406-a005-a4f3061b9fb4' WHERE id = 5;
UPDATE public.projects SET user_id = '5fef9e7c-116a-5504-a6ae-d16f4442d448' WHERE id = 6;
UPDATE public.projects SET user_id = '5fef9e7c-116a-5504-a6ae-d16f4442d448' WHERE id = 7;
UPDATE public.projects SET user_id = '5fef9e7c-116a-5504-a6ae-d16f4442d448' WHERE id = 8;
UPDATE public.projects SET user_id = '5fef9e7c-116a-5504-a6ae-d16f4442d448' WHERE id = 9;
UPDATE public.projects SET user_id = '5fef9e7c-116a-5504-a6ae-d16f4442d448' WHERE id = 10;
UPDATE public.projects SET user_id = '5ac46069-d153-5b50-a0be-8a017d379243' WHERE id = 11;
UPDATE public.projects SET user_id = '5ac46069-d153-5b50-a0be-8a017d379243' WHERE id = 12;
UPDATE public.projects SET user_id = '5ac46069-d153-5b50-a0be-8a017d379243' WHERE id = 13;
UPDATE public.projects SET user_id = '5ac46069-d153-5b50-a0be-8a017d379243' WHERE id = 14;
UPDATE public.projects SET user_id = '5ac46069-d153-5b50-a0be-8a017d379243' WHERE id = 15;
UPDATE public.projects SET user_id = '5f2c632c-1003-5d3e-94f5-6085899aa359' WHERE id = 16;
UPDATE public.projects SET user_id = '5f2c632c-1003-5d3e-94f5-6085899aa359' WHERE id = 17;
UPDATE public.projects SET user_id = '5f2c632c-1003-5d3e-94f5-6085899aa359' WHERE id = 18;
UPDATE public.projects SET user_id = '5f2c632c-1003-5d3e-94f5-6085899aa359' WHERE id = 19;
UPDATE public.projects SET user_id = '5f2c632c-1003-5d3e-94f5-6085899aa359' WHERE id = 20;
UPDATE public.projects SET user_id = '71c8f57c-aae5-5ac8-8fc0-a1ff399b17b8' WHERE id = 21;
UPDATE public.projects SET user_id = '71c8f57c-aae5-5ac8-8fc0-a1ff399b17b8' WHERE id = 22;
UPDATE public.projects SET user_id = '71c8f57c-aae5-5ac8-8fc0-a1ff399b17b8' WHERE id = 23;
UPDATE public.projects SET user_id = '71c8f57c-aae5-5ac8-8fc0-a1ff399b17b8' WHERE id = 24;
UPDATE public.projects SET user_id = '71c8f57c-aae5-5ac8-8fc0-a1ff399b17b8' WHERE id = 25;
UPDATE public.sub_tasks SET task_id = 1 WHERE id = 1;
UPDATE public.sub_tasks SET task_id = 1 WHERE id = 2;
UPDATE public.sub_tasks SET task_id = 1 WHERE id = 3;
UPDATE public.sub_tasks SET task_id = 1 WHERE id = 4;
UPDATE public.sub_tasks SET task_id = 1 WHERE id = 5;
UPDATE public.sub_tasks SET task_id = 2 WHERE id = 6;
UPDATE public.sub_tasks SET task_id = 2 WHERE id = 7;
UPDATE public.sub_tasks SET task_id = 2 WHERE id = 8;
UPDATE public.sub_tasks SET task_id = 2 WHERE id = 9;
UPDATE public.sub_tasks SET task_id = 2 WHERE id = 10;
UPDATE public.sub_tasks SET task_id = 3 WHERE id = 11;
UPDATE public.sub_tasks SET task_id = 3 WHERE id = 12;
UPDATE public.sub_tasks SET task_id = 3 WHERE id = 13;
UPDATE public.sub_tasks SET task_id = 3 WHERE id = 14;
UPDATE public.sub_tasks SET task_id = 3 WHERE id = 15;
UPDATE public.sub_tasks SET task_id = 4 WHERE id = 16;
UPDATE public.sub_tasks SET task_id = 4 WHERE id = 17;
UPDATE public.sub_tasks SET task_id = 4 WHERE id = 18;
UPDATE public.sub_tasks SET task_id = 4 WHERE id = 19;
UPDATE public.sub_tasks SET task_id = 4 WHERE id = 20;
UPDATE public.sub_tasks SET task_id = 5 WHERE id = 21;
UPDATE public.sub_tasks SET task_id = 5 WHERE id = 22;
UPDATE public.sub_tasks SET task_id = 5 WHERE id = 23;
UPDATE public.sub_tasks SET task_id = 5 WHERE id = 24;
UPDATE public.sub_tasks SET task_id = 5 WHERE id = 25;
UPDATE public.sub_tasks SET task_id = 6 WHERE id = 26;
UPDATE public.sub_tasks SET task_id = 6 WHERE id = 27;
UPDATE public.sub_tasks SET task_id = 6 WHERE id = 28;
UPDATE public.sub_tasks SET task_id = 6 WHERE id = 29;
UPDATE public.sub_tasks SET task_id = 6 WHERE id = 30;
UPDATE public.sub_tasks SET task_id = 7 WHERE id = 31;
UPDATE public.sub_tasks SET task_id = 7 WHERE id = 32;
UPDATE public.sub_tasks SET task_id = 7 WHERE id = 33;
UPDATE public.sub_tasks SET task_id = 7 WHERE id = 34;
UPDATE public.sub_tasks SET task_id = 7 WHERE id = 35;
UPDATE public.sub_tasks SET task_id = 8 WHERE id = 36;
UPDATE public.sub_tasks SET task_id = 8 WHERE id = 37;
UPDATE public.sub_tasks SET task_id = 8 WHERE id = 38;
UPDATE public.sub_tasks SET task_id = 8 WHERE id = 39;
UPDATE public.sub_tasks SET task_id = 8 WHERE id = 40;
UPDATE public.sub_tasks SET task_id = 9 WHERE id = 41;
UPDATE public.sub_tasks SET task_id = 9 WHERE id = 42;
UPDATE public.sub_tasks SET task_id = 9 WHERE id = 43;
UPDATE public.sub_tasks SET task_id = 9 WHERE id = 44;
UPDATE public.sub_tasks SET task_id = 9 WHERE id = 45;
UPDATE public.sub_tasks SET task_id = 10 WHERE id = 46;
UPDATE public.sub_tasks SET task_id = 10 WHERE id = 47;
UPDATE public.sub_tasks SET task_id = 10 WHERE id = 48;
UPDATE public.sub_tasks SET task_id = 10 WHERE id = 49;
UPDATE public.sub_tasks SET task_id = 10 WHERE id = 50;
UPDATE public.sub_tasks SET task_id = 11 WHERE id = 51;
UPDATE public.sub_tasks SET task_id = 11 WHERE id = 52;
UPDATE public.sub_tasks SET task_id = 11 WHERE id = 53;
UPDATE public.sub_tasks SET task_id = 11 WHERE id = 54;
UPDATE public.sub_tasks SET task_id = 11 WHERE id = 55;
UPDATE public.sub_tasks SET task_id = 12 WHERE id = 56;
UPDATE public.sub_tasks SET task_id = 12 WHERE id = 57;
UPDATE public.sub_tasks SET task_id = 12 WHERE id = 58;
UPDATE public.sub_tasks SET task_id = 12 WHERE id = 59;
UPDATE public.sub_tasks SET task_id = 12 WHERE id = 60;
UPDATE public.sub_tasks SET task_id = 13 WHERE id = 61;
UPDATE public.sub_tasks SET task_id = 13 WHERE id = 62;
UPDATE public.sub_tasks SET task_id = 13 WHERE id = 63;
UPDATE public.sub_tasks SET task_id = 13 WHERE id = 64;
UPDATE public.sub_tasks SET task_id = 13 WHERE id = 65;
UPDATE public.sub_tasks SET task_id = 14 WHERE id = 66;
UPDATE public.sub_tasks SET task_id = 14 WHERE id = 67;
UPDATE public.sub_tasks SET task_id = 14 WHERE id = 68;
UPDATE public.sub_tasks SET task_id = 14 WHERE id = 69;
UPDATE public.sub_tasks SET task_id = 14 WHERE id = 70;
UPDATE public.sub_tasks SET task_id = 15 WHERE id = 71;
UPDATE public.sub_tasks SET task_id = 15 WHERE id = 72;
UPDATE public.sub_tasks SET task_id = 15 WHERE id = 73;
UPDATE public.sub_tasks SET task_id = 15 WHERE id = 74;
UPDATE public.sub_tasks SET task_id = 15 WHERE id = 75;
UPDATE public.sub_tasks SET task_id = 16 WHERE id = 76;
UPDATE public.sub_tasks SET task_id = 16 WHERE id = 77;
UPDATE public.sub_tasks SET task_id = 16 WHERE id = 78;
UPDATE public.sub_tasks SET task_id = 16 WHERE id = 79;
UPDATE public.sub_tasks SET task_id = 16 WHERE id = 80;
UPDATE public.sub_tasks SET task_id = 17 WHERE id = 81;
UPDATE public.sub_tasks SET task_id = 17 WHERE id = 82;
UPDATE public.sub_tasks SET task_id = 17 WHERE id = 83;
UPDATE public.sub_tasks SET task_id = 17 WHERE id = 84;
UPDATE public.sub_tasks SET task_id = 17 WHERE id = 85;
UPDATE public.sub_tasks SET task_id = 18 WHERE id = 86;
UPDATE public.sub_tasks SET task_id = 18 WHERE id = 87;
UPDATE public.sub_tasks SET task_id = 18 WHERE id = 88;
UPDATE public.sub_tasks SET task_id = 18 WHERE id = 89;
UPDATE public.sub_tasks SET task_id = 18 WHERE id = 90;
UPDATE public.sub_tasks SET task_id = 19 WHERE id = 91;
UPDATE public.sub_tasks SET task_id = 19 WHERE id = 92;
UPDATE public.sub_tasks SET task_id = 19 WHERE id = 93;
UPDATE public.sub_tasks SET task_id = 19 WHERE id = 94;
UPDATE public.sub_tasks SET task_id = 19 WHERE id = 95;
UPDATE public.sub_tasks SET task_id = 20 WHERE id = 96;
UPDATE public.sub_tasks SET task_id = 20 WHERE id = 97;
UPDATE public.sub_tasks SET task_id = 20 WHERE id = 98;
UPDATE public.sub_tasks SET task_id = 20 WHERE id = 99;
UPDATE public.sub_tasks SET task_id = 20 WHERE id = 100;
UPDATE public.sub_tasks SET task_id = 21 WHERE id = 101;
UPDATE public.sub_tasks SET task_id = 21 WHERE id = 102;
UPDATE public.sub_tasks SET task_id = 21 WHERE id = 103;
UPDATE public.sub_tasks SET task_id = 21 WHERE id = 104;
UPDATE public.sub_tasks SET task_id = 21 WHERE id = 105;
UPDATE public.sub_tasks SET task_id = 22 WHERE id = 106;
UPDATE public.sub_tasks SET task_id = 22 WHERE id = 107;
UPDATE public.sub_tasks SET task_id = 22 WHERE id = 108;
UPDATE public.sub_tasks SET task_id = 22 WHERE id = 109;
UPDATE public.sub_tasks SET task_id = 22 WHERE id = 110;
UPDATE public.sub_tasks SET task_id = 23 WHERE id = 111;
UPDATE public.sub_tasks SET task_id = 23 WHERE id = 112;
UPDATE public.sub_tasks SET task_id = 23 WHERE id = 113;
UPDATE public.sub_tasks SET task_id = 23 WHERE id = 114;
UPDATE public.sub_tasks SET task_id = 23 WHERE id = 115;
UPDATE public.sub_tasks SET task_id = 24 WHERE id = 116;
UPDATE public.sub_tasks SET task_id = 24 WHERE id = 117;
UPDATE public.sub_tasks SET task_id = 24 WHERE id = 118;
UPDATE public.sub_tasks SET task_id = 24 WHERE id = 119;
UPDATE public.sub_tasks SET task_id = 24 WHERE id = 120;
UPDATE public.sub_tasks SET task_id = 25 WHERE id = 121;
UPDATE public.sub_tasks SET task_id = 25 WHERE id = 122;
UPDATE public.sub_tasks SET task_id = 25 WHERE id = 123;
UPDATE public.sub_tasks SET task_id = 25 WHERE id = 124;
UPDATE public.sub_tasks SET task_id = 25 WHERE id = 125;
UPDATE public.sub_tasks SET task_id = 26 WHERE id = 126;
UPDATE public.sub_tasks SET task_id = 26 WHERE id = 127;
UPDATE public.sub_tasks SET task_id = 26 WHERE id = 128;
UPDATE public.sub_tasks SET task_id = 26 WHERE id = 129;
UPDATE public.sub_tasks SET task_id = 26 WHERE id = 130;
UPDATE public.sub_tasks SET task_id = 27 WHERE id = 131;
UPDATE public.sub_tasks SET task_id = 27 WHERE id = 132;
UPDATE public.sub_tasks SET task_id = 27 WHERE id = 133;
UPDATE public.sub_tasks SET task_id = 27 WHERE id = 134;
UPDATE public.sub_tasks SET task_id = 27 WHERE id = 135;
UPDATE public.sub_tasks SET task_id = 28 WHERE id = 136;
UPDATE public.sub_tasks SET task_id = 28 WHERE id = 137;
UPDATE public.sub_tasks SET task_id = 28 WHERE id = 138;
UPDATE public.sub_tasks SET task_id = 28 WHERE id = 139;
UPDATE public.sub_tasks SET task_id = 28 WHERE id = 140;
UPDATE public.sub_tasks SET task_id = 29 WHERE id = 141;
UPDATE public.sub_tasks SET task_id = 29 WHERE id = 142;
UPDATE public.sub_tasks SET task_id = 29 WHERE id = 143;
UPDATE public.sub_tasks SET task_id = 29 WHERE id = 144;
UPDATE public.sub_tasks SET task_id = 29 WHERE id = 145;
UPDATE public.sub_tasks SET task_id = 30 WHERE id = 146;
UPDATE public.sub_tasks SET task_id = 30 WHERE id = 147;
UPDATE public.sub_tasks SET task_id = 30 WHERE id = 148;
UPDATE public.sub_tasks SET task_id = 30 WHERE id = 149;
UPDATE public.sub_tasks SET task_id = 30 WHERE id = 150;
UPDATE public.sub_tasks SET task_id = 31 WHERE id = 151;
UPDATE public.sub_tasks SET task_id = 31 WHERE id = 152;
UPDATE public.sub_tasks SET task_id = 31 WHERE id = 153;
UPDATE public.sub_tasks SET task_id = 31 WHERE id = 154;
UPDATE public.sub_tasks SET task_id = 31 WHERE id = 155;
UPDATE public.sub_tasks SET task_id = 32 WHERE id = 156;
UPDATE public.sub_tasks SET task_id = 32 WHERE id = 157;
UPDATE public.sub_tasks SET task_id = 32 WHERE id = 158;
UPDATE public.sub_tasks SET task_id = 32 WHERE id = 159;
UPDATE public.sub_tasks SET task_id = 32 WHERE id = 160;
UPDATE public.sub_tasks SET task_id = 33 WHERE id = 161;
UPDATE public.sub_tasks SET task_id = 33 WHERE id = 162;
UPDATE public.sub_tasks SET task_id = 33 WHERE id = 163;
UPDATE public.sub_tasks SET task_id = 33 WHERE id = 164;
UPDATE public.sub_tasks SET task_id = 33 WHERE id = 165;
UPDATE public.sub_tasks SET task_id = 34 WHERE id = 166;
UPDATE public.sub_tasks SET task_id = 34 WHERE id = 167;
UPDATE public.sub_tasks SET task_id = 34 WHERE id = 168;
UPDATE public.sub_tasks SET task_id = 34 WHERE id = 169;
UPDATE public.sub_tasks SET task_id = 34 WHERE id = 170;
UPDATE public.sub_tasks SET task_id = 35 WHERE id = 171;
UPDATE public.sub_tasks SET task_id = 35 WHERE id = 172;
UPDATE public.sub_tasks SET task_id = 35 WHERE id = 173;
UPDATE public.sub_tasks SET task_id = 35 WHERE id = 174;
UPDATE public.sub_tasks SET task_id = 35 WHERE id = 175;
UPDATE public.sub_tasks SET task_id = 36 WHERE id = 176;
UPDATE public.sub_tasks SET task_id = 36 WHERE id = 177;
UPDATE public.sub_tasks SET task_id = 36 WHERE id = 178;
UPDATE public.sub_tasks SET task_id = 36 WHERE id = 179;
UPDATE public.sub_tasks SET task_id = 36 WHERE id = 180;
UPDATE public.sub_tasks SET task_id = 37 WHERE id = 181;
UPDATE public.sub_tasks SET task_id = 37 WHERE id = 182;
UPDATE public.sub_tasks SET task_id = 37 WHERE id = 183;
UPDATE public.sub_tasks SET task_id = 37 WHERE id = 184;
UPDATE public.sub_tasks SET task_id = 37 WHERE id = 185;
UPDATE public.sub_tasks SET task_id = 38 WHERE id = 186;
UPDATE public.sub_tasks SET task_id = 38 WHERE id = 187;
UPDATE public.sub_tasks SET task_id = 38 WHERE id = 188;
UPDATE public.sub_tasks SET task_id = 38 WHERE id = 189;
UPDATE public.sub_tasks SET task_id = 38 WHERE id = 190;
UPDATE public.sub_tasks SET task_id = 39 WHERE id = 191;
UPDATE public.sub_tasks SET task_id = 39 WHERE id = 192;
UPDATE public.sub_tasks SET task_id = 39 WHERE id = 193;
UPDATE public.sub_tasks SET task_id = 39 WHERE id = 194;
UPDATE public.sub_tasks SET task_id = 39 WHERE id = 195;
UPDATE public.sub_tasks SET task_id = 40 WHERE id = 196;
UPDATE public.sub_tasks SET task_id = 40 WHERE id = 197;
UPDATE public.sub_tasks SET task_id = 40 WHERE id = 198;
UPDATE public.sub_tasks SET task_id = 40 WHERE id = 199;
UPDATE public.sub_tasks SET task_id = 40 WHERE id = 200;
UPDATE public.sub_tasks SET task_id = 41 WHERE id = 201;
UPDATE public.sub_tasks SET task_id = 41 WHERE id = 202;
UPDATE public.sub_tasks SET task_id = 41 WHERE id = 203;
UPDATE public.sub_tasks SET task_id = 41 WHERE id = 204;
UPDATE public.sub_tasks SET task_id = 41 WHERE id = 205;
UPDATE public.sub_tasks SET task_id = 42 WHERE id = 206;
UPDATE public.sub_tasks SET task_id = 42 WHERE id = 207;
UPDATE public.sub_tasks SET task_id = 42 WHERE id = 208;
UPDATE public.sub_tasks SET task_id = 42 WHERE id = 209;
UPDATE public.sub_tasks SET task_id = 42 WHERE id = 210;
UPDATE public.sub_tasks SET task_id = 43 WHERE id = 211;
UPDATE public.sub_tasks SET task_id = 43 WHERE id = 212;
UPDATE public.sub_tasks SET task_id = 43 WHERE id = 213;
UPDATE public.sub_tasks SET task_id = 43 WHERE id = 214;
UPDATE public.sub_tasks SET task_id = 43 WHERE id = 215;
UPDATE public.sub_tasks SET task_id = 44 WHERE id = 216;
UPDATE public.sub_tasks SET task_id = 44 WHERE id = 217;
UPDATE public.sub_tasks SET task_id = 44 WHERE id = 218;
UPDATE public.sub_tasks SET task_id = 44 WHERE id = 219;
UPDATE public.sub_tasks SET task_id = 44 WHERE id = 220;
UPDATE public.sub_tasks SET task_id = 45 WHERE id = 221;
UPDATE public.sub_tasks SET task_id = 45 WHERE id = 222;
UPDATE public.sub_tasks SET task_id = 45 WHERE id = 223;
UPDATE public.sub_tasks SET task_id = 45 WHERE id = 224;
UPDATE public.sub_tasks SET task_id = 45 WHERE id = 225;
UPDATE public.sub_tasks SET task_id = 46 WHERE id = 226;
UPDATE public.sub_tasks SET task_id = 46 WHERE id = 227;
UPDATE public.sub_tasks SET task_id = 46 WHERE id = 228;
UPDATE public.sub_tasks SET task_id = 46 WHERE id = 229;
UPDATE public.sub_tasks SET task_id = 46 WHERE id = 230;
UPDATE public.sub_tasks SET task_id = 47 WHERE id = 231;
UPDATE public.sub_tasks SET task_id = 47 WHERE id = 232;
UPDATE public.sub_tasks SET task_id = 47 WHERE id = 233;
UPDATE public.sub_tasks SET task_id = 47 WHERE id = 234;
UPDATE public.sub_tasks SET task_id = 47 WHERE id = 235;
UPDATE public.sub_tasks SET task_id = 48 WHERE id = 236;
UPDATE public.sub_tasks SET task_id = 48 WHERE id = 237;
UPDATE public.sub_tasks SET task_id = 48 WHERE id = 238;
UPDATE public.sub_tasks SET task_id = 48 WHERE id = 239;
UPDATE public.sub_tasks SET task_id = 48 WHERE id = 240;
UPDATE public.sub_tasks SET task_id = 49 WHERE id = 241;
UPDATE public.sub_tasks SET task_id = 49 WHERE id = 242;
UPDATE public.sub_tasks SET task_id = 49 WHERE id = 243;
UPDATE public.sub_tasks SET task_id = 49 WHERE id = 244;
UPDATE public.sub_tasks SET task_id = 49 WHERE id = 245;
UPDATE public.sub_tasks SET task_id = 50 WHERE id = 246;
UPDATE public.sub_tasks SET task_id = 50 WHERE id = 247;
UPDATE public.sub_tasks SET task_id = 50 WHERE id = 248;
UPDATE public.sub_tasks SET task_id = 50 WHERE id = 249;
UPDATE public.sub_tasks SET task_id = 50 WHERE id = 250;
UPDATE public.sub_tasks SET task_id = 51 WHERE id = 251;
UPDATE public.sub_tasks SET task_id = 51 WHERE id = 252;
UPDATE public.sub_tasks SET task_id = 51 WHERE id = 253;
UPDATE public.sub_tasks SET task_id = 51 WHERE id = 254;
UPDATE public.sub_tasks SET task_id = 51 WHERE id = 255;
UPDATE public.sub_tasks SET task_id = 52 WHERE id = 256;
UPDATE public.sub_tasks SET task_id = 52 WHERE id = 257;
UPDATE public.sub_tasks SET task_id = 52 WHERE id = 258;
UPDATE public.sub_tasks SET task_id = 52 WHERE id = 259;
UPDATE public.sub_tasks SET task_id = 52 WHERE id = 260;
UPDATE public.sub_tasks SET task_id = 53 WHERE id = 261;
UPDATE public.sub_tasks SET task_id = 53 WHERE id = 262;
UPDATE public.sub_tasks SET task_id = 53 WHERE id = 263;
UPDATE public.sub_tasks SET task_id = 53 WHERE id = 264;
UPDATE public.sub_tasks SET task_id = 53 WHERE id = 265;
UPDATE public.sub_tasks SET task_id = 54 WHERE id = 266;
UPDATE public.sub_tasks SET task_id = 54 WHERE id = 267;
UPDATE public.sub_tasks SET task_id = 54 WHERE id = 268;
UPDATE public.sub_tasks SET task_id = 54 WHERE id = 269;
UPDATE public.sub_tasks SET task_id = 54 WHERE id = 270;
UPDATE public.sub_tasks SET task_id = 55 WHERE id = 271;
UPDATE public.sub_tasks SET task_id = 55 WHERE id = 272;
UPDATE public.sub_tasks SET task_id = 55 WHERE id = 273;
UPDATE public.sub_tasks SET task_id = 55 WHERE id = 274;
UPDATE public.sub_tasks SET task_id = 55 WHERE id = 275;
UPDATE public.sub_tasks SET task_id = 56 WHERE id = 276;
UPDATE public.sub_tasks SET task_id = 56 WHERE id = 277;
UPDATE public.sub_tasks SET task_id = 56 WHERE id = 278;
UPDATE public.sub_tasks SET task_id = 56 WHERE id = 279;
UPDATE public.sub_tasks SET task_id = 56 WHERE id = 280;
UPDATE public.sub_tasks SET task_id = 57 WHERE id = 281;
UPDATE public.sub_tasks SET task_id = 57 WHERE id = 282;
UPDATE public.sub_tasks SET task_id = 57 WHERE id = 283;
UPDATE public.sub_tasks SET task_id = 57 WHERE id = 284;
UPDATE public.sub_tasks SET task_id = 57 WHERE id = 285;
UPDATE public.sub_tasks SET task_id = 58 WHERE id = 286;
UPDATE public.sub_tasks SET task_id = 58 WHERE id = 287;
UPDATE public.sub_tasks SET task_id = 58 WHERE id = 288;
UPDATE public.sub_tasks SET task_id = 58 WHERE id = 289;
UPDATE public.sub_tasks SET task_id = 58 WHERE id = 290;
UPDATE public.sub_tasks SET task_id = 59 WHERE id = 291;
UPDATE public.sub_tasks SET task_id = 59 WHERE id = 292;
UPDATE public.sub_tasks SET task_id = 59 WHERE id = 293;
UPDATE public.sub_tasks SET task_id = 59 WHERE id = 294;
UPDATE public.sub_tasks SET task_id = 59 WHERE id = 295;
UPDATE public.sub_tasks SET task_id = 60 WHERE id = 296;
UPDATE public.sub_tasks SET task_id = 60 WHERE id = 297;
UPDATE public.sub_tasks SET task_id = 60 WHERE id = 298;
UPDATE public.sub_tasks SET task_id = 60 WHERE id = 299;
UPDATE public.sub_tasks SET task_id = 60 WHERE id = 300;
UPDATE public.sub_tasks SET task_id = 61 WHERE id = 301;
UPDATE public.sub_tasks SET task_id = 61 WHERE id = 302;
UPDATE public.sub_tasks SET task_id = 61 WHERE id = 303;
UPDATE public.sub_tasks SET task_id = 61 WHERE id = 304;
UPDATE public.sub_tasks SET task_id = 61 WHERE id = 305;
UPDATE public.sub_tasks SET task_id = 62 WHERE id = 306;
UPDATE public.sub_tasks SET task_id = 62 WHERE id = 307;
UPDATE public.sub_tasks SET task_id = 62 WHERE id = 308;
UPDATE public.sub_tasks SET task_id = 62 WHERE id = 309;
UPDATE public.sub_tasks SET task_id = 62 WHERE id = 310;
UPDATE public.sub_tasks SET task_id = 63 WHERE id = 311;
UPDATE public.sub_tasks SET task_id = 63 WHERE id = 312;
UPDATE public.sub_tasks SET task_id = 63 WHERE id = 313;
UPDATE public.sub_tasks SET task_id = 63 WHERE id = 314;
UPDATE public.sub_tasks SET task_id = 63 WHERE id = 315;
UPDATE public.sub_tasks SET task_id = 64 WHERE id = 316;
UPDATE public.sub_tasks SET task_id = 64 WHERE id = 317;
UPDATE public.sub_tasks SET task_id = 64 WHERE id = 318;
UPDATE public.sub_tasks SET task_id = 64 WHERE id = 319;
UPDATE public.sub_tasks SET task_id = 64 WHERE id = 320;
UPDATE public.sub_tasks SET task_id = 65 WHERE id = 321;
UPDATE public.sub_tasks SET task_id = 65 WHERE id = 322;
UPDATE public.sub_tasks SET task_id = 65 WHERE id = 323;
UPDATE public.sub_tasks SET task_id = 65 WHERE id = 324;
UPDATE public.sub_tasks SET task_id = 65 WHERE id = 325;
UPDATE public.sub_tasks SET task_id = 66 WHERE id = 326;
UPDATE public.sub_tasks SET task_id = 66 WHERE id = 327;
UPDATE public.sub_tasks SET task_id = 66 WHERE id = 328;
UPDATE public.sub_tasks SET task_id = 66 WHERE id = 329;
UPDATE public.sub_tasks SET task_id = 66 WHERE id = 330;
UPDATE public.sub_tasks SET task_id = 67 WHERE id = 331;
UPDATE public.sub_tasks SET task_id = 67 WHERE id = 332;
UPDATE public.sub_tasks SET task_id = 67 WHERE id = 333;
UPDATE public.sub_tasks SET task_id = 67 WHERE id = 334;
UPDATE public.sub_tasks SET task_id = 67 WHERE id = 335;
UPDATE public.sub_tasks SET task_id = 68 WHERE id = 336;
UPDATE public.sub_tasks SET task_id = 68 WHERE id = 337;
UPDATE public.sub_tasks SET task_id = 68 WHERE id = 338;
UPDATE public.sub_tasks SET task_id = 68 WHERE id = 339;
UPDATE public.sub_tasks SET task_id = 68 WHERE id = 340;
UPDATE public.sub_tasks SET task_id = 69 WHERE id = 341;
UPDATE public.sub_tasks SET task_id = 69 WHERE id = 342;
UPDATE public.sub_tasks SET task_id = 69 WHERE id = 343;
UPDATE public.sub_tasks SET task_id = 69 WHERE id = 344;
UPDATE public.sub_tasks SET task_id = 69 WHERE id = 345;
UPDATE public.sub_tasks SET task_id = 70 WHERE id = 346;
UPDATE public.sub_tasks SET task_id = 70 WHERE id = 347;
UPDATE public.sub_tasks SET task_id = 70 WHERE id = 348;
UPDATE public.sub_tasks SET task_id = 70 WHERE id = 349;
UPDATE public.sub_tasks SET task_id = 70 WHERE id = 350;
UPDATE public.sub_tasks SET task_id = 71 WHERE id = 351;
UPDATE public.sub_tasks SET task_id = 71 WHERE id = 352;
UPDATE public.sub_tasks SET task_id = 71 WHERE id = 353;
UPDATE public.sub_tasks SET task_id = 71 WHERE id = 354;
UPDATE public.sub_tasks SET task_id = 71 WHERE id = 355;
UPDATE public.sub_tasks SET task_id = 72 WHERE id = 356;
UPDATE public.sub_tasks SET task_id = 72 WHERE id = 357;
UPDATE public.sub_tasks SET task_id = 72 WHERE id = 358;
UPDATE public.sub_tasks SET task_id = 72 WHERE id = 359;
UPDATE public.sub_tasks SET task_id = 72 WHERE id = 360;
UPDATE public.sub_tasks SET task_id = 73 WHERE id = 361;
UPDATE public.sub_tasks SET task_id = 73 WHERE id = 362;
UPDATE public.sub_tasks SET task_id = 73 WHERE id = 363;
UPDATE public.sub_tasks SET task_id = 73 WHERE id = 364;
UPDATE public.sub_tasks SET task_id = 73 WHERE id = 365;
UPDATE public.sub_tasks SET task_id = 74 WHERE id = 366;
UPDATE public.sub_tasks SET task_id = 74 WHERE id = 367;
UPDATE public.sub_tasks SET task_id = 74 WHERE id = 368;
UPDATE public.sub_tasks SET task_id = 74 WHERE id = 369;
UPDATE public.sub_tasks SET task_id = 74 WHERE id = 370;
UPDATE public.sub_tasks SET task_id = 75 WHERE id = 371;
UPDATE public.sub_tasks SET task_id = 75 WHERE id = 372;
UPDATE public.sub_tasks SET task_id = 75 WHERE id = 373;
UPDATE public.sub_tasks SET task_id = 75 WHERE id = 374;
UPDATE public.sub_tasks SET task_id = 75 WHERE id = 375;
UPDATE public.sub_tasks SET task_id = 76 WHERE id = 376;
UPDATE public.sub_tasks SET task_id = 76 WHERE id = 377;
UPDATE public.sub_tasks SET task_id = 76 WHERE id = 378;
UPDATE public.sub_tasks SET task_id = 76 WHERE id = 379;
UPDATE public.sub_tasks SET task_id = 76 WHERE id = 380;
UPDATE public.sub_tasks SET task_id = 77 WHERE id = 381;
UPDATE public.sub_tasks SET task_id = 77 WHERE id = 382;
UPDATE public.sub_tasks SET task_id = 77 WHERE id = 383;
UPDATE public.sub_tasks SET task_id = 77 WHERE id = 384;
UPDATE public.sub_tasks SET task_id = 77 WHERE id = 385;
UPDATE public.sub_tasks SET task_id = 78 WHERE id = 386;
UPDATE public.sub_tasks SET task_id = 78 WHERE id = 387;
UPDATE public.sub_tasks SET task_id = 78 WHERE id = 388;
UPDATE public.sub_tasks SET task_id = 78 WHERE id = 389;
UPDATE public.sub_tasks SET task_id = 78 WHERE id = 390;
UPDATE public.sub_tasks SET task_id = 79 WHERE id = 391;
UPDATE public.sub_tasks SET task_id = 79 WHERE id = 392;
UPDATE public.sub_tasks SET task_id = 79 WHERE id = 393;
UPDATE public.sub_tasks SET task_id = 79 WHERE id = 394;
UPDATE public.sub_tasks SET task_id = 79 WHERE id = 395;
UPDATE public.sub_tasks SET task_id = 80 WHERE id = 396;
UPDATE public.sub_tasks SET task_id = 80 WHERE id = 397;
UPDATE public.sub_tasks SET task_id = 80 WHERE id = 398;
UPDATE public.sub_tasks SET task_id = 80 WHERE id = 399;
UPDATE public.sub_tasks SET task_id = 80 WHERE id = 400;
UPDATE public.sub_tasks SET task_id = 81 WHERE id = 401;
UPDATE public.sub_tasks SET task_id = 81 WHERE id = 402;
UPDATE public.sub_tasks SET task_id = 81 WHERE id = 403;
UPDATE public.sub_tasks SET task_id = 81 WHERE id = 404;
UPDATE public.sub_tasks SET task_id = 81 WHERE id = 405;
UPDATE public.sub_tasks SET task_id = 82 WHERE id = 406;
UPDATE public.sub_tasks SET task_id = 82 WHERE id = 407;
UPDATE public.sub_tasks SET task_id = 82 WHERE id = 408;
UPDATE public.sub_tasks SET task_id = 82 WHERE id = 409;
UPDATE public.sub_tasks SET task_id = 82 WHERE id = 410;
UPDATE public.sub_tasks SET task_id = 83 WHERE id = 411;
UPDATE public.sub_tasks SET task_id = 83 WHERE id = 412;
UPDATE public.sub_tasks SET task_id = 83 WHERE id = 413;
UPDATE public.sub_tasks SET task_id = 83 WHERE id = 414;
UPDATE public.sub_tasks SET task_id = 83 WHERE id = 415;
UPDATE public.sub_tasks SET task_id = 84 WHERE id = 416;
UPDATE public.sub_tasks SET task_id = 84 WHERE id = 417;
UPDATE public.sub_tasks SET task_id = 84 WHERE id = 418;
UPDATE public.sub_tasks SET task_id = 84 WHERE id = 419;
UPDATE public.sub_tasks SET task_id = 84 WHERE id = 420;
UPDATE public.sub_tasks SET task_id = 85 WHERE id = 421;
UPDATE public.sub_tasks SET task_id = 85 WHERE id = 422;
UPDATE public.sub_tasks SET task_id = 85 WHERE id = 423;
UPDATE public.sub_tasks SET task_id = 85 WHERE id = 424;
UPDATE public.sub_tasks SET task_id = 85 WHERE id = 425;
UPDATE public.sub_tasks SET task_id = 86 WHERE id = 426;
UPDATE public.sub_tasks SET task_id = 86 WHERE id = 427;
UPDATE public.sub_tasks SET task_id = 86 WHERE id = 428;
UPDATE public.sub_tasks SET task_id = 86 WHERE id = 429;
UPDATE public.sub_tasks SET task_id = 86 WHERE id = 430;
UPDATE public.sub_tasks SET task_id = 87 WHERE id = 431;
UPDATE public.sub_tasks SET task_id = 87 WHERE id = 432;
UPDATE public.sub_tasks SET task_id = 87 WHERE id = 433;
UPDATE public.sub_tasks SET task_id = 87 WHERE id = 434;
UPDATE public.sub_tasks SET task_id = 87 WHERE id = 435;
UPDATE public.sub_tasks SET task_id = 88 WHERE id = 436;
UPDATE public.sub_tasks SET task_id = 88 WHERE id = 437;
UPDATE public.sub_tasks SET task_id = 88 WHERE id = 438;
UPDATE public.sub_tasks SET task_id = 88 WHERE id = 439;
UPDATE public.sub_tasks SET task_id = 88 WHERE id = 440;
UPDATE public.sub_tasks SET task_id = 89 WHERE id = 441;
UPDATE public.sub_tasks SET task_id = 89 WHERE id = 442;
UPDATE public.sub_tasks SET task_id = 89 WHERE id = 443;
UPDATE public.sub_tasks SET task_id = 89 WHERE id = 444;
UPDATE public.sub_tasks SET task_id = 89 WHERE id = 445;
UPDATE public.sub_tasks SET task_id = 90 WHERE id = 446;
UPDATE public.sub_tasks SET task_id = 90 WHERE id = 447;
UPDATE public.sub_tasks SET task_id = 90 WHERE id = 448;
UPDATE public.sub_tasks SET task_id = 90 WHERE id = 449;
UPDATE public.sub_tasks SET task_id = 90 WHERE id = 450;
UPDATE public.sub_tasks SET task_id = 91 WHERE id = 451;
UPDATE public.sub_tasks SET task_id = 91 WHERE id = 452;
UPDATE public.sub_tasks SET task_id = 91 WHERE id = 453;
UPDATE public.sub_tasks SET task_id = 91 WHERE id = 454;
UPDATE public.sub_tasks SET task_id = 91 WHERE id = 455;
UPDATE public.sub_tasks SET task_id = 92 WHERE id = 456;
UPDATE public.sub_tasks SET task_id = 92 WHERE id = 457;
UPDATE public.sub_tasks SET task_id = 92 WHERE id = 458;
UPDATE public.sub_tasks SET task_id = 92 WHERE id = 459;
UPDATE public.sub_tasks SET task_id = 92 WHERE id = 460;
UPDATE public.sub_tasks SET task_id = 93 WHERE id = 461;
UPDATE public.sub_tasks SET task_id = 93 WHERE id = 462;
UPDATE public.sub_tasks SET task_id = 93 WHERE id = 463;
UPDATE public.sub_tasks SET task_id = 93 WHERE id = 464;
UPDATE public.sub_tasks SET task_id = 93 WHERE id = 465;
UPDATE public.sub_tasks SET task_id = 94 WHERE id = 466;
UPDATE public.sub_tasks SET task_id = 94 WHERE id = 467;
UPDATE public.sub_tasks SET task_id = 94 WHERE id = 468;
UPDATE public.sub_tasks SET task_id = 94 WHERE id = 469;
UPDATE public.sub_tasks SET task_id = 94 WHERE id = 470;
UPDATE public.sub_tasks SET task_id = 95 WHERE id = 471;
UPDATE public.sub_tasks SET task_id = 95 WHERE id = 472;
UPDATE public.sub_tasks SET task_id = 95 WHERE id = 473;
UPDATE public.sub_tasks SET task_id = 95 WHERE id = 474;
UPDATE public.sub_tasks SET task_id = 95 WHERE id = 475;
UPDATE public.sub_tasks SET task_id = 96 WHERE id = 476;
UPDATE public.sub_tasks SET task_id = 96 WHERE id = 477;
UPDATE public.sub_tasks SET task_id = 96 WHERE id = 478;
UPDATE public.sub_tasks SET task_id = 96 WHERE id = 479;
UPDATE public.sub_tasks SET task_id = 96 WHERE id = 480;
UPDATE public.sub_tasks SET task_id = 97 WHERE id = 481;
UPDATE public.sub_tasks SET task_id = 97 WHERE id = 482;
UPDATE public.sub_tasks SET task_id = 97 WHERE id = 483;
UPDATE public.sub_tasks SET task_id = 97 WHERE id = 484;
UPDATE public.sub_tasks SET task_id = 97 WHERE id = 485;
UPDATE public.sub_tasks SET task_id = 98 WHERE id = 486;
UPDATE public.sub_tasks SET task_id = 98 WHERE id = 487;
UPDATE public.sub_tasks SET task_id = 98 WHERE id = 488;
UPDATE public.sub_tasks SET task_id = 98 WHERE id = 489;
UPDATE public.sub_tasks SET task_id = 98 WHERE id = 490;
UPDATE public.sub_tasks SET task_id = 99 WHERE id = 491;
UPDATE public.sub_tasks SET task_id = 99 WHERE id = 492;
UPDATE public.sub_tasks SET task_id = 99 WHERE id = 493;
UPDATE public.sub_tasks SET task_id = 99 WHERE id = 494;
UPDATE public.sub_tasks SET task_id = 99 WHERE id = 495;
UPDATE public.sub_tasks SET task_id = 100 WHERE id = 496;
UPDATE public.sub_tasks SET task_id = 100 WHERE id = 497;
UPDATE public.sub_tasks SET task_id = 100 WHERE id = 498;
UPDATE public.sub_tasks SET task_id = 100 WHERE id = 499;
UPDATE public.sub_tasks SET task_id = 100 WHERE id = 500;
UPDATE public.sub_tasks SET task_id = 101 WHERE id = 501;
UPDATE public.sub_tasks SET task_id = 101 WHERE id = 502;
UPDATE public.sub_tasks SET task_id = 101 WHERE id = 503;
UPDATE public.sub_tasks SET task_id = 101 WHERE id = 504;
UPDATE public.sub_tasks SET task_id = 101 WHERE id = 505;
UPDATE public.sub_tasks SET task_id = 102 WHERE id = 506;
UPDATE public.sub_tasks SET task_id = 102 WHERE id = 507;
UPDATE public.sub_tasks SET task_id = 102 WHERE id = 508;
UPDATE public.sub_tasks SET task_id = 102 WHERE id = 509;
UPDATE public.sub_tasks SET task_id = 102 WHERE id = 510;
UPDATE public.sub_tasks SET task_id = 103 WHERE id = 511;
UPDATE public.sub_tasks SET task_id = 103 WHERE id = 512;
UPDATE public.sub_tasks SET task_id = 103 WHERE id = 513;
UPDATE public.sub_tasks SET task_id = 103 WHERE id = 514;
UPDATE public.sub_tasks SET task_id = 103 WHERE id = 515;
UPDATE public.sub_tasks SET task_id = 104 WHERE id = 516;
UPDATE public.sub_tasks SET task_id = 104 WHERE id = 517;
UPDATE public.sub_tasks SET task_id = 104 WHERE id = 518;
UPDATE public.sub_tasks SET task_id = 104 WHERE id = 519;
UPDATE public.sub_tasks SET task_id = 104 WHERE id = 520;
UPDATE public.sub_tasks SET task_id = 105 WHERE id = 521;
UPDATE public.sub_tasks SET task_id = 105 WHERE id = 522;
UPDATE public.sub_tasks SET task_id = 105 WHERE id = 523;
UPDATE public.sub_tasks SET task_id = 105 WHERE id = 524;
UPDATE public.sub_tasks SET task_id = 105 WHERE id = 525;
UPDATE public.sub_tasks SET task_id = 106 WHERE id = 526;
UPDATE public.sub_tasks SET task_id = 106 WHERE id = 527;
UPDATE public.sub_tasks SET task_id = 106 WHERE id = 528;
UPDATE public.sub_tasks SET task_id = 106 WHERE id = 529;
UPDATE public.sub_tasks SET task_id = 106 WHERE id = 530;
UPDATE public.sub_tasks SET task_id = 107 WHERE id = 531;
UPDATE public.sub_tasks SET task_id = 107 WHERE id = 532;
UPDATE public.sub_tasks SET task_id = 107 WHERE id = 533;
UPDATE public.sub_tasks SET task_id = 107 WHERE id = 534;
UPDATE public.sub_tasks SET task_id = 107 WHERE id = 535;
UPDATE public.sub_tasks SET task_id = 108 WHERE id = 536;
UPDATE public.sub_tasks SET task_id = 108 WHERE id = 537;
UPDATE public.sub_tasks SET task_id = 108 WHERE id = 538;
UPDATE public.sub_tasks SET task_id = 108 WHERE id = 539;
UPDATE public.sub_tasks SET task_id = 108 WHERE id = 540;
UPDATE public.sub_tasks SET task_id = 109 WHERE id = 541;
UPDATE public.sub_tasks SET task_id = 109 WHERE id = 542;
UPDATE public.sub_tasks SET task_id = 109 WHERE id = 543;
UPDATE public.sub_tasks SET task_id = 109 WHERE id = 544;
UPDATE public.sub_tasks SET task_id = 109 WHERE id = 545;
UPDATE public.sub_tasks SET task_id = 110 WHERE id = 546;
UPDATE public.sub_tasks SET task_id = 110 WHERE id = 547;
UPDATE public.sub_tasks SET task_id = 110 WHERE id = 548;
UPDATE public.sub_tasks SET task_id = 110 WHERE id = 549;
UPDATE public.sub_tasks SET task_id = 110 WHERE id = 550;
UPDATE public.sub_tasks SET task_id = 111 WHERE id = 551;
UPDATE public.sub_tasks SET task_id = 111 WHERE id = 552;
UPDATE public.sub_tasks SET task_id = 111 WHERE id = 553;
UPDATE public.sub_tasks SET task_id = 111 WHERE id = 554;
UPDATE public.sub_tasks SET task_id = 111 WHERE id = 555;
UPDATE public.sub_tasks SET task_id = 112 WHERE id = 556;
UPDATE public.sub_tasks SET task_id = 112 WHERE id = 557;
UPDATE public.sub_tasks SET task_id = 112 WHERE id = 558;
UPDATE public.sub_tasks SET task_id = 112 WHERE id = 559;
UPDATE public.sub_tasks SET task_id = 112 WHERE id = 560;
UPDATE public.sub_tasks SET task_id = 113 WHERE id = 561;
UPDATE public.sub_tasks SET task_id = 113 WHERE id = 562;
UPDATE public.sub_tasks SET task_id = 113 WHERE id = 563;
UPDATE public.sub_tasks SET task_id = 113 WHERE id = 564;
UPDATE public.sub_tasks SET task_id = 113 WHERE id = 565;
UPDATE public.sub_tasks SET task_id = 114 WHERE id = 566;
UPDATE public.sub_tasks SET task_id = 114 WHERE id = 567;
UPDATE public.sub_tasks SET task_id = 114 WHERE id = 568;
UPDATE public.sub_tasks SET task_id = 114 WHERE id = 569;
UPDATE public.sub_tasks SET task_id = 114 WHERE id = 570;
UPDATE public.sub_tasks SET task_id = 115 WHERE id = 571;
UPDATE public.sub_tasks SET task_id = 115 WHERE id = 572;
UPDATE public.sub_tasks SET task_id = 115 WHERE id = 573;
UPDATE public.sub_tasks SET task_id = 115 WHERE id = 574;
UPDATE public.sub_tasks SET task_id = 115 WHERE id = 575;
UPDATE public.sub_tasks SET task_id = 116 WHERE id = 576;
UPDATE public.sub_tasks SET task_id = 116 WHERE id = 577;
UPDATE public.sub_tasks SET task_id = 116 WHERE id = 578;
UPDATE public.sub_tasks SET task_id = 116 WHERE id = 579;
UPDATE public.sub_tasks SET task_id = 116 WHERE id = 580;
UPDATE public.sub_tasks SET task_id = 117 WHERE id = 581;
UPDATE public.sub_tasks SET task_id = 117 WHERE id = 582;
UPDATE public.sub_tasks SET task_id = 117 WHERE id = 583;
UPDATE public.sub_tasks SET task_id = 117 WHERE id = 584;
UPDATE public.sub_tasks SET task_id = 117 WHERE id = 585;
UPDATE public.sub_tasks SET task_id = 118 WHERE id = 586;
UPDATE public.sub_tasks SET task_id = 118 WHERE id = 587;
UPDATE public.sub_tasks SET task_id = 118 WHERE id = 588;
UPDATE public.sub_tasks SET task_id = 118 WHERE id = 589;
UPDATE public.sub_tasks SET task_id = 118 WHERE id = 590;
UPDATE public.sub_tasks SET task_id = 119 WHERE id = 591;
UPDATE public.sub_tasks SET task_id = 119 WHERE id = 592;
UPDATE public.sub_tasks SET task_id = 119 WHERE id = 593;
UPDATE public.sub_tasks SET task_id = 119 WHERE id = 594;
UPDATE public.sub_tasks SET task_id = 119 WHERE id = 595;
UPDATE public.sub_tasks SET task_id = 120 WHERE id = 596;
UPDATE public.sub_tasks SET task_id = 120 WHERE id = 597;
UPDATE public.sub_tasks SET task_id = 120 WHERE id = 598;
UPDATE public.sub_tasks SET task_id = 120 WHERE id = 599;
UPDATE public.sub_tasks SET task_id = 120 WHERE id = 600;
UPDATE public.sub_tasks SET task_id = 121 WHERE id = 601;
UPDATE public.sub_tasks SET task_id = 121 WHERE id = 602;
UPDATE public.sub_tasks SET task_id = 121 WHERE id = 603;
UPDATE public.sub_tasks SET task_id = 121 WHERE id = 604;
UPDATE public.sub_tasks SET task_id = 121 WHERE id = 605;
UPDATE public.sub_tasks SET task_id = 122 WHERE id = 606;
UPDATE public.sub_tasks SET task_id = 122 WHERE id = 607;
UPDATE public.sub_tasks SET task_id = 122 WHERE id = 608;
UPDATE public.sub_tasks SET task_id = 122 WHERE id = 609;
UPDATE public.sub_tasks SET task_id = 122 WHERE id = 610;
UPDATE public.sub_tasks SET task_id = 123 WHERE id = 611;
UPDATE public.sub_tasks SET task_id = 123 WHERE id = 612;
UPDATE public.sub_tasks SET task_id = 123 WHERE id = 613;
UPDATE public.sub_tasks SET task_id = 123 WHERE id = 614;
UPDATE public.sub_tasks SET task_id = 123 WHERE id = 615;
UPDATE public.sub_tasks SET task_id = 124 WHERE id = 616;
UPDATE public.sub_tasks SET task_id = 124 WHERE id = 617;
UPDATE public.sub_tasks SET task_id = 124 WHERE id = 618;
UPDATE public.sub_tasks SET task_id = 124 WHERE id = 619;
UPDATE public.sub_tasks SET task_id = 124 WHERE id = 620;
UPDATE public.sub_tasks SET task_id = 125 WHERE id = 621;
UPDATE public.sub_tasks SET task_id = 125 WHERE id = 622;
UPDATE public.sub_tasks SET task_id = 125 WHERE id = 623;
UPDATE public.sub_tasks SET task_id = 125 WHERE id = 624;
UPDATE public.sub_tasks SET task_id = 125 WHERE id = 625;
SELECT setval('"public"."TaskLists_id_seq"'::regclass, (SELECT MAX("id") FROM "public"."projects"));
SELECT setval('"public"."Tasks_id_seq"'::regclass, (SELECT MAX("id") FROM "public"."tasks"));
SELECT setval('"public"."sub_tasks_id_seq"'::regclass, (SELECT MAX("id") FROM "public"."sub_tasks"));

