INSERT INTO auth.users (instance_id,id,aud,role,email,encrypted_password,email_confirmed_at,invited_at,confirmation_token,confirmation_sent_at,recovery_token,recovery_sent_at,email_change_token_new,email_change,email_change_sent_at,last_sign_in_at,raw_app_meta_data,raw_user_meta_data,is_super_admin,created_at,updated_at,phone,phone_confirmed_at,phone_change,phone_change_token,phone_change_sent_at,email_change_token_current,email_change_confirm_status,banned_until,reauthentication_token,reauthentication_sent_at,is_sso_user,deleted_at,is_anonymous) VALUES ('3dcce8b2-d93e-5155-9a50-a529057e4a9a', '0f5d546a-dd80-5406-a005-a4f3061b9fb4', 'hmiller', 'Intern', 'Dubitia afferenim vitam et hoc possit ipsum.', 'UGFzc3dvcmRfc2VjcmV0', '2020-02-10T13:34:50.000Z', '2020-03-07T03:00:57.000Z', 'Videant qui et restatem eas causa epicipsa.', '2020-12-28T11:35:00.000Z', 'Graecistius ab esse verum libervi, periis sit vire vitamicar voluptatem atione fortibus eo.', '2020-01-09T00:49:11.000Z', 'Concere ego nihil intellegan intera.', 'victoria.perez@yopmail.com', '2020-10-02T09:19:38.000Z', '2020-08-16T19:13:05.000Z', '{"Dolorum":"Inor placet si"}', '{"Ulere":"Docti es saturei"}', 't', '2020-06-06T05:41:47.000Z', '2020-03-11T02:10:13.000Z', DEFAULT, '2020-03-11T02:53:19.000Z', DEFAULT, DEFAULT, '2020-12-24T11:30:02.000Z', DEFAULT, DEFAULT, '2020-06-10T05:08:46.000Z', DEFAULT, '2020-06-26T17:49:35.000Z', DEFAULT, '2020-03-23T14:25:27.000Z', DEFAULT), ('6e9ec33d-2e0a-5b02-8e2d-f0d1c5040b5f', '5fef9e7c-116a-5504-a6ae-d16f4442d448', 'batman', 'Sales', 'Quod voluptas gere cernimis eadem omi.', 'aGFja2VyX3NlY3JldF9wYXNzd29yZA==', '2020-02-26T13:38:22.000Z', '2020-03-23T14:40:28.000Z', 'Epicium confirmissum inem andae dolordinem nec util.', '2020-10-18T22:13:30.000Z', 'Rerum dum orum amiciti quam, insequimur aut maximus dis ad illus.', '2020-09-25T08:22:24.000Z', 'Se eius et continere sedatum et, vituptas iudicarte necest in omnesque saepe spatio.', 'kevin.robinson@live.com', '2020-06-18T17:21:57.000Z', '2020-03-27T14:58:22.000Z', '{"Ali":"Tentiae est"}', '{"Recte":"Aequo faciturnit physici"}', 't', '2020-01-17T12:52:35.000Z', '2020-05-25T17:01:44.000Z', DEFAULT, '2020-07-19T18:13:25.000Z', DEFAULT, DEFAULT, '2020-06-22T05:10:29.000Z', DEFAULT, DEFAULT, '2020-04-04T15:27:18.000Z', DEFAULT, '2020-06-06T17:32:29.000Z', DEFAULT, '2020-08-12T20:00:19.000Z', DEFAULT), ('493e0e3d-0db0-5675-8b80-e9aee6e49834', '5ac46069-d153-5b50-a0be-8a017d379243', 'peter_parker', 'Admin', 'Utionest natorum voluptatib voluptate sit de solidie graeciste, a etiam ipsa potest quae.', 'U2FsdGVkX19yZWxvd19lYXN0', '2020-03-19T03:03:29.000Z', '2020-03-19T14:02:18.000Z', 'Es susciplinam beate cum omnes, orest detere assuevergo enim ferre inbecilit peritia ipsas.', '2020-07-19T18:34:10.000Z', 'A isset philos via consequam.', '2020-08-04T19:41:54.000Z', 'Anim praesenimos tamquam cum habensa virtus, corpore qui ambigua quid se quieti consilio voluptatib.', 'peter.evans@yandex.com', '2020-05-13T16:18:40.000Z', '2020-06-06T17:45:25.000Z', '{"Quid":"Graeca defuitatem"}', '{"Ipso":"Ad quorum"}', 't', '2020-02-26T13:44:11.000Z', '2020-03-15T14:17:38.000Z', DEFAULT, '2020-04-24T15:47:54.000Z', DEFAULT, DEFAULT, '2020-05-09T04:17:32.000Z', DEFAULT, DEFAULT, '2020-02-02T01:18:30.000Z', DEFAULT, '2020-06-18T06:02:16.000Z', DEFAULT, '2020-03-23T14:10:39.000Z', DEFAULT), ('69e449b5-11f0-513e-8bc4-f52a33b36510', '5f2c632c-1003-5d3e-94f5-6085899aa359', 'cy123', 'Guest', 'Ratio est quia eteniunt et vituperrit, exista causamur dominiucun etur et.', 'U2FsdGVkX19yZWxvd18kUEBzc3cwcmQx', '2020-12-12T11:31:28.000Z', '2020-08-16T07:57:21.000Z', 'Quasi vacilitis utam ad dolordam sunt epicium quid, modo ad pore e dissenseruer in.', '2020-08-12T08:00:54.000Z', 'Maximpedit et segniorem stabil brute maloritum endum quos.', '2020-09-13T20:37:41.000Z', 'Et non quod nec bonum epicaris magisse cur.', 'kevin.robinson@live.com', '2020-11-23T23:08:38.000Z', '2020-06-06T05:48:26.000Z', '{"Enimi":"Idem fieri"}', '{"Quidem":"Eptricest ius"}', 'f', '2020-10-14T21:49:12.000Z', '2020-11-03T10:50:29.000Z', DEFAULT, '2020-01-13T12:12:47.000Z', DEFAULT, DEFAULT, '2020-10-02T21:18:35.000Z', DEFAULT, DEFAULT, '2020-04-20T04:00:32.000Z', DEFAULT, '2020-10-18T09:33:18.000Z', DEFAULT, '2020-04-08T15:48:48.000Z', DEFAULT), ('6e299974-a424-5920-be37-6644fdaa15c1', '71c8f57c-aae5-5ac8-8fc0-a1ff399b17b8', 'user123', 'Sales', 'Et causae evero tellegi abo frui prompta carerrorem.', 'c2VjcmV0X3Bhc3N3b3JkX2FzYw==', '2020-02-26T02:02:43.000Z', '2020-05-05T04:59:53.000Z', 'Epicabo duci calerit natur recteque aeque sapientia, eo possine ad capti petentur faciunturpis tamusu itus.', '2020-08-04T08:02:31.000Z', 'Bonum in sine perant quae cur recte, sed intelosop ferreum at ait nosmetu conferre efficer.', '2020-07-27T18:37:54.000Z', 'Latinesse plerum nec bonumque qua.', 'susan.wilson@yahoo.com', '2020-01-09T12:27:31.000Z', '2020-10-22T21:30:27.000Z', '{"Diuturo":"Quasi metu tur"}', '{"Esse":"Praeclare natus mihi"}', 't', '2020-02-06T01:36:17.000Z', '2020-01-05T00:01:49.000Z', DEFAULT, '2020-11-03T10:49:18.000Z', DEFAULT, DEFAULT, '2020-11-27T11:02:39.000Z', DEFAULT, DEFAULT, '2020-04-08T03:42:16.000Z', DEFAULT, '2020-03-07T15:04:13.000Z', DEFAULT, '2020-06-06T17:55:18.000Z', DEFAULT);
INSERT INTO public.projects (id,created_at,name,user_id) VALUES (1, DEFAULT, 'Supply Chain Optimization Project', NULL), (2, DEFAULT, 'Brand Identity Refresh', NULL), (3, DEFAULT, 'Market Research Study', NULL), (4, DEFAULT, 'Training and Development Program', NULL), (5, DEFAULT, 'Quality Control Improvement Project', NULL), (6, DEFAULT, 'Product Packaging Redesign', NULL), (7, DEFAULT, 'Product Packaging Redesign', NULL), (8, DEFAULT, 'Marketing Campaign 2021', NULL), (9, DEFAULT, 'Research and Development Initiative', NULL), (10, DEFAULT, 'Website Redesign', NULL), (11, DEFAULT, 'Training and Development Program', NULL), (12, DEFAULT, 'Sustainability Initiative', NULL), (13, DEFAULT, 'Market Research Study', NULL), (14, DEFAULT, 'Financial Forecasting Model', NULL), (15, DEFAULT, 'Market Research Study', NULL), (16, DEFAULT, 'Sustainability Initiative', NULL), (17, DEFAULT, 'Sales Analysis Tool', NULL), (18, DEFAULT, 'Employee Wellness Program', NULL), (19, DEFAULT, 'Event Planning and Management', NULL), (20, DEFAULT, 'Community Outreach Project', NULL), (21, DEFAULT, 'Market Research Study', NULL), (22, DEFAULT, 'New Product Development', NULL), (23, DEFAULT, 'Product Launch Strategy', NULL), (24, DEFAULT, 'Supply Chain Optimization Project', NULL), (25, DEFAULT, 'Supply Chain Optimization Project', NULL);
INSERT INTO public.tasks (id,created_at,title,description,priority,user_id,due_date,completed,project_id,stage) VALUES (1, DEFAULT, 'Approve expense reports', 'Monitor social media channels for engagement', DEFAULT, '0f5d546a-dd80-5406-a005-a4f3061b9fb4', '2020-07-19', DEFAULT, 1, DEFAULT), (2, DEFAULT, 'Schedule client meeting', 'Research market trends and compile a report', DEFAULT, '0f5d546a-dd80-5406-a005-a4f3061b9fb4', '2020-11-27', DEFAULT, 1, DEFAULT), (3, DEFAULT, 'Schedule client meeting', 'Brainstorm ideas for the marketing campaign', DEFAULT, '0f5d546a-dd80-5406-a005-a4f3061b9fb4', '2020-01-13', DEFAULT, 1, DEFAULT), (4, DEFAULT, 'Create new project', 'Troubleshoot network issues and resolve them', DEFAULT, '0f5d546a-dd80-5406-a005-a4f3061b9fb4', '2020-11-03', DEFAULT, 1, DEFAULT), (5, DEFAULT, 'Import user data', 'Develop a new feature for the website', DEFAULT, '0f5d546a-dd80-5406-a005-a4f3061b9fb4', '2020-03-23', DEFAULT, 1, DEFAULT), (6, DEFAULT, 'Update project status', 'Implement new security protocols for the system', DEFAULT, '0f5d546a-dd80-5406-a005-a4f3061b9fb4', '2020-04-12', DEFAULT, 2, DEFAULT), (7, DEFAULT, 'Document system updates', 'Review and optimize website SEO', DEFAULT, '0f5d546a-dd80-5406-a005-a4f3061b9fb4', '2020-10-18', DEFAULT, 2, DEFAULT), (8, DEFAULT, 'Monitor system performance', 'Research market trends and compile a report', DEFAULT, '0f5d546a-dd80-5406-a005-a4f3061b9fb4', '2020-10-22', DEFAULT, 2, DEFAULT), (9, DEFAULT, 'Review user feedback', 'Organize files and documents in the shared drive', DEFAULT, '0f5d546a-dd80-5406-a005-a4f3061b9fb4', '2020-12-20', DEFAULT, 2, DEFAULT), (10, DEFAULT, 'Reset user password', 'Draft a press release for the product launch', DEFAULT, '0f5d546a-dd80-5406-a005-a4f3061b9fb4', '2020-06-14', DEFAULT, 2, DEFAULT), (11, DEFAULT, 'Delete session data', 'Monitor social media channels for engagement', DEFAULT, '0f5d546a-dd80-5406-a005-a4f3061b9fb4', '2020-07-27', DEFAULT, 3, DEFAULT), (12, DEFAULT, 'Assign tasks to team members', 'Test the latest software release for bugs', DEFAULT, '0f5d546a-dd80-5406-a005-a4f3061b9fb4', '2020-11-15', DEFAULT, 3, DEFAULT), (13, DEFAULT, 'Update project status', 'Coordinate logistics for the upcoming event', DEFAULT, '0f5d546a-dd80-5406-a005-a4f3061b9fb4', '2020-01-01', DEFAULT, 3, DEFAULT), (14, DEFAULT, 'Update software version', 'Research market trends and compile a report', DEFAULT, '0f5d546a-dd80-5406-a005-a4f3061b9fb4', '2020-04-16', DEFAULT, 3, DEFAULT), (15, DEFAULT, 'Reset user password', 'Research market trends and compile a report', DEFAULT, '0f5d546a-dd80-5406-a005-a4f3061b9fb4', '2020-10-02', DEFAULT, 3, DEFAULT), (16, DEFAULT, 'Import user data', 'Conduct user interviews for product feedback', DEFAULT, '0f5d546a-dd80-5406-a005-a4f3061b9fb4', '2020-03-15', DEFAULT, 4, DEFAULT), (17, DEFAULT, 'Monitor system performance', 'Draft a press release for the product launch', DEFAULT, '0f5d546a-dd80-5406-a005-a4f3061b9fb4', '2020-08-08', DEFAULT, 4, DEFAULT), (18, DEFAULT, 'Generate project report', 'Create social media content calendar for next month', DEFAULT, '0f5d546a-dd80-5406-a005-a4f3061b9fb4', '2020-04-12', DEFAULT, 4, DEFAULT), (19, DEFAULT, 'Reset user password', 'Lead a training session on new software tools', DEFAULT, '0f5d546a-dd80-5406-a005-a4f3061b9fb4', '2020-02-26', DEFAULT, 4, DEFAULT), (20, DEFAULT, 'Create new project', 'Organize files and documents in the shared drive', DEFAULT, '0f5d546a-dd80-5406-a005-a4f3061b9fb4', '2020-10-18', DEFAULT, 4, DEFAULT), (21, DEFAULT, 'Create user account', 'Test the latest software release for bugs', DEFAULT, '0f5d546a-dd80-5406-a005-a4f3061b9fb4', '2020-11-07', DEFAULT, 5, DEFAULT), (22, DEFAULT, 'Schedule client meeting', 'Create social media content calendar for next month', DEFAULT, '0f5d546a-dd80-5406-a005-a4f3061b9fb4', '2020-10-22', DEFAULT, 5, DEFAULT), (23, DEFAULT, 'Update project status', 'Lead a training session on new software tools', DEFAULT, '0f5d546a-dd80-5406-a005-a4f3061b9fb4', '2020-07-11', DEFAULT, 5, DEFAULT), (24, DEFAULT, 'Document system updates', 'Analyze sales data and generate insights', DEFAULT, '0f5d546a-dd80-5406-a005-a4f3061b9fb4', '2020-09-25', DEFAULT, 5, DEFAULT), (25, DEFAULT, 'Train new employees', 'Brainstorm ideas for the marketing campaign', DEFAULT, '0f5d546a-dd80-5406-a005-a4f3061b9fb4', '2020-12-28', DEFAULT, 5, DEFAULT), (26, DEFAULT, 'Review user permissions', 'Monitor social media channels for engagement', DEFAULT, '5fef9e7c-116a-5504-a6ae-d16f4442d448', '2020-04-12', DEFAULT, 6, DEFAULT), (27, DEFAULT, 'Update software version', 'Write a project proposal for the upcoming initiative', DEFAULT, '5fef9e7c-116a-5504-a6ae-d16f4442d448', '2020-10-22', DEFAULT, 6, DEFAULT), (28, DEFAULT, 'Import user data', 'Coordinate logistics for the upcoming event', DEFAULT, '5fef9e7c-116a-5504-a6ae-d16f4442d448', '2020-06-22', DEFAULT, 6, DEFAULT), (29, DEFAULT, 'Update project status', 'Update customer database with new information', DEFAULT, '5fef9e7c-116a-5504-a6ae-d16f4442d448', '2020-04-16', DEFAULT, 6, DEFAULT), (30, DEFAULT, 'Schedule client meeting', 'Implement new security protocols for the system', DEFAULT, '5fef9e7c-116a-5504-a6ae-d16f4442d448', '2020-10-02', DEFAULT, 6, DEFAULT), (31, DEFAULT, 'Resolve user issues', 'Organize files and documents in the shared drive', DEFAULT, '5fef9e7c-116a-5504-a6ae-d16f4442d448', '2020-12-08', DEFAULT, 7, DEFAULT), (32, DEFAULT, 'Schedule client meeting', 'Prepare presentation slides for the team meeting', DEFAULT, '5fef9e7c-116a-5504-a6ae-d16f4442d448', '2020-09-01', DEFAULT, 7, DEFAULT), (33, DEFAULT, 'Create new project', 'Update customer database with new information', DEFAULT, '5fef9e7c-116a-5504-a6ae-d16f4442d448', '2020-03-15', DEFAULT, 7, DEFAULT), (34, DEFAULT, 'Reset user password', 'Lead a training session on new software tools', DEFAULT, '5fef9e7c-116a-5504-a6ae-d16f4442d448', '2020-03-23', DEFAULT, 7, DEFAULT), (35, DEFAULT, 'Create user account', 'Review and optimize website SEO', DEFAULT, '5fef9e7c-116a-5504-a6ae-d16f4442d448', '2020-10-18', DEFAULT, 7, DEFAULT), (36, DEFAULT, 'Resolve user issues', 'Plan team-building activities for the department', DEFAULT, '5fef9e7c-116a-5504-a6ae-d16f4442d448', '2020-05-01', DEFAULT, 8, DEFAULT), (37, DEFAULT, 'Update project status', 'Analyze sales data and generate insights', DEFAULT, '5fef9e7c-116a-5504-a6ae-d16f4442d448', '2020-09-25', DEFAULT, 8, DEFAULT), (38, DEFAULT, 'Validate project requirements', 'Brainstorm ideas for the marketing campaign', DEFAULT, '5fef9e7c-116a-5504-a6ae-d16f4442d448', '2020-11-27', DEFAULT, 8, DEFAULT), (39, DEFAULT, 'Validate project requirements', 'Organize files and documents in the shared drive', DEFAULT, '5fef9e7c-116a-5504-a6ae-d16f4442d448', '2020-04-12', DEFAULT, 8, DEFAULT), (40, DEFAULT, 'Validate project requirements', 'Create social media content calendar for next month', DEFAULT, '5fef9e7c-116a-5504-a6ae-d16f4442d448', '2020-06-02', DEFAULT, 8, DEFAULT), (41, DEFAULT, 'Assign tasks to team members', 'Lead a training session on new software tools', DEFAULT, '5fef9e7c-116a-5504-a6ae-d16f4442d448', '2020-10-18', DEFAULT, 9, DEFAULT), (42, DEFAULT, 'Review user permissions', 'Research market trends and compile a report', DEFAULT, '5fef9e7c-116a-5504-a6ae-d16f4442d448', '2020-11-27', DEFAULT, 9, DEFAULT), (43, DEFAULT, 'Update project status', 'Research market trends and compile a report', DEFAULT, '5fef9e7c-116a-5504-a6ae-d16f4442d448', '2020-07-27', DEFAULT, 9, DEFAULT), (44, DEFAULT, 'Monitor system performance', 'Review and optimize website SEO', DEFAULT, '5fef9e7c-116a-5504-a6ae-d16f4442d448', '2020-06-06', DEFAULT, 9, DEFAULT), (45, DEFAULT, 'Review user permissions', 'Create social media content calendar for next month', DEFAULT, '5fef9e7c-116a-5504-a6ae-d16f4442d448', '2020-08-28', DEFAULT, 9, DEFAULT), (46, DEFAULT, 'Import user data', 'Research market trends and compile a report', DEFAULT, '5fef9e7c-116a-5504-a6ae-d16f4442d448', '2020-10-02', DEFAULT, 10, DEFAULT), (47, DEFAULT, 'Create new project', 'Write a project proposal for the upcoming initiative', DEFAULT, '5fef9e7c-116a-5504-a6ae-d16f4442d448', '2020-06-10', DEFAULT, 10, DEFAULT), (48, DEFAULT, 'Validate project requirements', 'Coordinate logistics for the upcoming event', DEFAULT, '5fef9e7c-116a-5504-a6ae-d16f4442d448', '2020-07-15', DEFAULT, 10, DEFAULT), (49, DEFAULT, 'Assign tasks to team members', 'Design a new logo for the company', DEFAULT, '5fef9e7c-116a-5504-a6ae-d16f4442d448', '2020-07-15', DEFAULT, 10, DEFAULT), (50, DEFAULT, 'Generate project report', 'Monitor social media channels for engagement', DEFAULT, '5fef9e7c-116a-5504-a6ae-d16f4442d448', '2020-07-03', DEFAULT, 10, DEFAULT), (51, DEFAULT, 'Delete session data', 'Design a new logo for the company', DEFAULT, '5ac46069-d153-5b50-a0be-8a017d379243', '2020-09-13', DEFAULT, 11, DEFAULT), (52, DEFAULT, 'Reset user password', 'Lead a training session on new software tools', DEFAULT, '5ac46069-d153-5b50-a0be-8a017d379243', '2020-06-10', DEFAULT, 11, DEFAULT), (53, DEFAULT, 'Update project status', 'Develop a new feature for the website', DEFAULT, '5ac46069-d153-5b50-a0be-8a017d379243', '2020-02-26', DEFAULT, 11, DEFAULT), (54, DEFAULT, 'Approve expense reports', 'Organize files and documents in the shared drive', DEFAULT, '5ac46069-d153-5b50-a0be-8a017d379243', '2020-07-19', DEFAULT, 11, DEFAULT), (55, DEFAULT, 'Train new employees', 'Prepare presentation slides for the team meeting', DEFAULT, '5ac46069-d153-5b50-a0be-8a017d379243', '2020-08-24', DEFAULT, 11, DEFAULT), (56, DEFAULT, 'Review user permissions', 'Troubleshoot network issues and resolve them', DEFAULT, '5ac46069-d153-5b50-a0be-8a017d379243', '2020-03-03', DEFAULT, 12, DEFAULT), (57, DEFAULT, 'Create user account', 'Brainstorm ideas for the marketing campaign', DEFAULT, '5ac46069-d153-5b50-a0be-8a017d379243', '2020-09-01', DEFAULT, 12, DEFAULT), (58, DEFAULT, 'Document system updates', 'Draft a press release for the product launch', DEFAULT, '5ac46069-d153-5b50-a0be-8a017d379243', '2020-06-14', DEFAULT, 12, DEFAULT), (59, DEFAULT, 'Resolve user issues', 'Troubleshoot network issues and resolve them', DEFAULT, '5ac46069-d153-5b50-a0be-8a017d379243', '2020-10-18', DEFAULT, 12, DEFAULT), (60, DEFAULT, 'Assign tasks to team members', 'Coordinate logistics for the upcoming event', DEFAULT, '5ac46069-d153-5b50-a0be-8a017d379243', '2020-08-28', DEFAULT, 12, DEFAULT), (61, DEFAULT, 'Delete session data', 'Create social media content calendar for next month', DEFAULT, '5ac46069-d153-5b50-a0be-8a017d379243', '2020-06-18', DEFAULT, 13, DEFAULT), (62, DEFAULT, 'Schedule client meeting', 'Brainstorm ideas for the marketing campaign', DEFAULT, '5ac46069-d153-5b50-a0be-8a017d379243', '2020-06-18', DEFAULT, 13, DEFAULT), (63, DEFAULT, 'Train new employees', 'Review and optimize website SEO', DEFAULT, '5ac46069-d153-5b50-a0be-8a017d379243', '2020-07-19', DEFAULT, 13, DEFAULT), (64, DEFAULT, 'Monitor system performance', 'Organize files and documents in the shared drive', DEFAULT, '5ac46069-d153-5b50-a0be-8a017d379243', '2020-03-15', DEFAULT, 13, DEFAULT), (65, DEFAULT, 'Validate project requirements', 'Lead a training session on new software tools', DEFAULT, '5ac46069-d153-5b50-a0be-8a017d379243', '2020-04-16', DEFAULT, 13, DEFAULT), (66, DEFAULT, 'Update software version', 'Write a project proposal for the upcoming initiative', DEFAULT, '5ac46069-d153-5b50-a0be-8a017d379243', '2020-01-05', DEFAULT, 14, DEFAULT), (67, DEFAULT, 'Review user permissions', 'Design a new logo for the company', DEFAULT, '5ac46069-d153-5b50-a0be-8a017d379243', '2020-05-01', DEFAULT, 14, DEFAULT), (68, DEFAULT, 'Document system updates', 'Develop a new feature for the website', DEFAULT, '5ac46069-d153-5b50-a0be-8a017d379243', '2020-10-06', DEFAULT, 14, DEFAULT), (69, DEFAULT, 'Document system updates', 'Draft a press release for the product launch', DEFAULT, '5ac46069-d153-5b50-a0be-8a017d379243', '2020-08-08', DEFAULT, 14, DEFAULT), (70, DEFAULT, 'Validate project requirements', 'Analyze sales data and generate insights', DEFAULT, '5ac46069-d153-5b50-a0be-8a017d379243', '2020-06-18', DEFAULT, 14, DEFAULT), (71, DEFAULT, 'Validate project requirements', 'Analyze sales data and generate insights', DEFAULT, '5ac46069-d153-5b50-a0be-8a017d379243', '2020-04-16', DEFAULT, 15, DEFAULT), (72, DEFAULT, 'Document system updates', 'Update customer database with new information', DEFAULT, '5ac46069-d153-5b50-a0be-8a017d379243', '2020-03-23', DEFAULT, 15, DEFAULT), (73, DEFAULT, 'Approve expense reports', 'Organize files and documents in the shared drive', DEFAULT, '5ac46069-d153-5b50-a0be-8a017d379243', '2020-05-25', DEFAULT, 15, DEFAULT), (74, DEFAULT, 'Optimize database queries', 'Analyze sales data and generate insights', DEFAULT, '5ac46069-d153-5b50-a0be-8a017d379243', '2020-03-11', DEFAULT, 15, DEFAULT), (75, DEFAULT, 'Update project status', 'Update customer database with new information', DEFAULT, '5ac46069-d153-5b50-a0be-8a017d379243', '2020-05-21', DEFAULT, 15, DEFAULT), (76, DEFAULT, 'Update software version', 'Conduct user interviews for product feedback', DEFAULT, '5f2c632c-1003-5d3e-94f5-6085899aa359', '2020-09-25', DEFAULT, 16, DEFAULT), (77, DEFAULT, 'Approve expense reports', 'Create social media content calendar for next month', DEFAULT, '5f2c632c-1003-5d3e-94f5-6085899aa359', '2020-07-27', DEFAULT, 16, DEFAULT), (78, DEFAULT, 'Monitor system performance', 'Brainstorm ideas for the marketing campaign', DEFAULT, '5f2c632c-1003-5d3e-94f5-6085899aa359', '2020-09-25', DEFAULT, 16, DEFAULT), (79, DEFAULT, 'Document system updates', 'Conduct user interviews for product feedback', DEFAULT, '5f2c632c-1003-5d3e-94f5-6085899aa359', '2020-01-09', DEFAULT, 16, DEFAULT), (80, DEFAULT, 'Assign tasks to team members', 'Write a project proposal for the upcoming initiative', DEFAULT, '5f2c632c-1003-5d3e-94f5-6085899aa359', '2020-06-02', DEFAULT, 16, DEFAULT), (81, DEFAULT, 'Document system updates', 'Update customer database with new information', DEFAULT, '5f2c632c-1003-5d3e-94f5-6085899aa359', '2020-10-22', DEFAULT, 17, DEFAULT), (82, DEFAULT, 'Assign tasks to team members', 'Organize files and documents in the shared drive', DEFAULT, '5f2c632c-1003-5d3e-94f5-6085899aa359', '2020-03-19', DEFAULT, 17, DEFAULT), (83, DEFAULT, 'Optimize database queries', 'Update customer database with new information', DEFAULT, '5f2c632c-1003-5d3e-94f5-6085899aa359', '2020-12-17', DEFAULT, 17, DEFAULT), (84, DEFAULT, 'Generate project report', 'Conduct user interviews for product feedback', DEFAULT, '5f2c632c-1003-5d3e-94f5-6085899aa359', '2020-04-04', DEFAULT, 17, DEFAULT), (85, DEFAULT, 'Create new project', 'Lead a training session on new software tools', DEFAULT, '5f2c632c-1003-5d3e-94f5-6085899aa359', '2020-09-17', DEFAULT, 17, DEFAULT), (86, DEFAULT, 'Train new employees', 'Prepare presentation slides for the team meeting', DEFAULT, '5f2c632c-1003-5d3e-94f5-6085899aa359', '2020-05-01', DEFAULT, 18, DEFAULT), (87, DEFAULT, 'Approve expense reports', 'Research market trends and compile a report', DEFAULT, '5f2c632c-1003-5d3e-94f5-6085899aa359', '2020-07-07', DEFAULT, 18, DEFAULT), (88, DEFAULT, 'Validate project requirements', 'Lead a training session on new software tools', DEFAULT, '5f2c632c-1003-5d3e-94f5-6085899aa359', '2020-02-22', DEFAULT, 18, DEFAULT), (89, DEFAULT, 'Generate project report', 'Review and optimize website SEO', DEFAULT, '5f2c632c-1003-5d3e-94f5-6085899aa359', '2020-03-03', DEFAULT, 18, DEFAULT), (90, DEFAULT, 'Reset user password', 'Write a project proposal for the upcoming initiative', DEFAULT, '5f2c632c-1003-5d3e-94f5-6085899aa359', '2020-04-28', DEFAULT, 18, DEFAULT), (91, DEFAULT, 'Resolve user issues', 'Write a project proposal for the upcoming initiative', DEFAULT, '5f2c632c-1003-5d3e-94f5-6085899aa359', '2020-08-08', DEFAULT, 19, DEFAULT), (92, DEFAULT, 'Train new employees', 'Analyze sales data and generate insights', DEFAULT, '5f2c632c-1003-5d3e-94f5-6085899aa359', '2020-06-14', DEFAULT, 19, DEFAULT), (93, DEFAULT, 'Review user feedback', 'Plan team-building activities for the department', DEFAULT, '5f2c632c-1003-5d3e-94f5-6085899aa359', '2020-09-09', DEFAULT, 19, DEFAULT), (94, DEFAULT, 'Backup system data', 'Coordinate logistics for the upcoming event', DEFAULT, '5f2c632c-1003-5d3e-94f5-6085899aa359', '2020-10-26', DEFAULT, 19, DEFAULT), (95, DEFAULT, 'Generate project report', 'Draft a press release for the product launch', DEFAULT, '5f2c632c-1003-5d3e-94f5-6085899aa359', '2020-07-11', DEFAULT, 19, DEFAULT), (96, DEFAULT, 'Backup system data', 'Analyze sales data and generate insights', DEFAULT, '5f2c632c-1003-5d3e-94f5-6085899aa359', '2020-03-03', DEFAULT, 20, DEFAULT), (97, DEFAULT, 'Train new employees', 'Review and optimize website SEO', DEFAULT, '5f2c632c-1003-5d3e-94f5-6085899aa359', '2020-06-06', DEFAULT, 20, DEFAULT), (98, DEFAULT, 'Review user feedback', 'Create social media content calendar for next month', DEFAULT, '5f2c632c-1003-5d3e-94f5-6085899aa359', '2020-11-23', DEFAULT, 20, DEFAULT), (99, DEFAULT, 'Reset user password', 'Troubleshoot network issues and resolve them', DEFAULT, '5f2c632c-1003-5d3e-94f5-6085899aa359', '2020-02-18', DEFAULT, 20, DEFAULT), (100, DEFAULT, 'Review user permissions', 'Test the latest software release for bugs', DEFAULT, '5f2c632c-1003-5d3e-94f5-6085899aa359', '2020-02-14', DEFAULT, 20, DEFAULT), (101, DEFAULT, 'Backup system data', 'Create social media content calendar for next month', DEFAULT, '71c8f57c-aae5-5ac8-8fc0-a1ff399b17b8', '2020-07-15', DEFAULT, 21, DEFAULT), (102, DEFAULT, 'Document system updates', 'Develop a new feature for the website', DEFAULT, '71c8f57c-aae5-5ac8-8fc0-a1ff399b17b8', '2020-04-20', DEFAULT, 21, DEFAULT), (103, DEFAULT, 'Update software version', 'Coordinate logistics for the upcoming event', DEFAULT, '71c8f57c-aae5-5ac8-8fc0-a1ff399b17b8', '2020-05-25', DEFAULT, 21, DEFAULT), (104, DEFAULT, 'Import user data', 'Write a project proposal for the upcoming initiative', DEFAULT, '71c8f57c-aae5-5ac8-8fc0-a1ff399b17b8', '2020-09-25', DEFAULT, 21, DEFAULT), (105, DEFAULT, 'Delete session data', 'Draft a press release for the product launch', DEFAULT, '71c8f57c-aae5-5ac8-8fc0-a1ff399b17b8', '2020-05-17', DEFAULT, 21, DEFAULT), (106, DEFAULT, 'Optimize database queries', 'Test the latest software release for bugs', DEFAULT, '71c8f57c-aae5-5ac8-8fc0-a1ff399b17b8', '2020-06-06', DEFAULT, 22, DEFAULT), (107, DEFAULT, 'Resolve user issues', 'Analyze sales data and generate insights', DEFAULT, '71c8f57c-aae5-5ac8-8fc0-a1ff399b17b8', '2020-12-28', DEFAULT, 22, DEFAULT), (108, DEFAULT, 'Delete session data', 'Design a new logo for the company', DEFAULT, '71c8f57c-aae5-5ac8-8fc0-a1ff399b17b8', '2020-04-16', DEFAULT, 22, DEFAULT), (109, DEFAULT, 'Resolve user issues', 'Monitor social media channels for engagement', DEFAULT, '71c8f57c-aae5-5ac8-8fc0-a1ff399b17b8', '2020-08-04', DEFAULT, 22, DEFAULT), (110, DEFAULT, 'Document system updates', 'Test the latest software release for bugs', DEFAULT, '71c8f57c-aae5-5ac8-8fc0-a1ff399b17b8', '2020-07-07', DEFAULT, 22, DEFAULT), (111, DEFAULT, 'Reset user password', 'Coordinate logistics for the upcoming event', DEFAULT, '71c8f57c-aae5-5ac8-8fc0-a1ff399b17b8', '2020-10-02', DEFAULT, 23, DEFAULT), (112, DEFAULT, 'Assign tasks to team members', 'Implement new security protocols for the system', DEFAULT, '71c8f57c-aae5-5ac8-8fc0-a1ff399b17b8', '2020-12-04', DEFAULT, 23, DEFAULT), (113, DEFAULT, 'Resolve user issues', 'Research market trends and compile a report', DEFAULT, '71c8f57c-aae5-5ac8-8fc0-a1ff399b17b8', '2020-05-09', DEFAULT, 23, DEFAULT), (114, DEFAULT, 'Generate project report', 'Coordinate logistics for the upcoming event', DEFAULT, '71c8f57c-aae5-5ac8-8fc0-a1ff399b17b8', '2020-05-25', DEFAULT, 23, DEFAULT), (115, DEFAULT, 'Resolve user issues', 'Update customer database with new information', DEFAULT, '71c8f57c-aae5-5ac8-8fc0-a1ff399b17b8', '2020-12-28', DEFAULT, 23, DEFAULT), (116, DEFAULT, 'Document system updates', 'Analyze sales data and generate insights', DEFAULT, '71c8f57c-aae5-5ac8-8fc0-a1ff399b17b8', '2020-05-25', DEFAULT, 24, DEFAULT), (117, DEFAULT, 'Create new project', 'Create social media content calendar for next month', DEFAULT, '71c8f57c-aae5-5ac8-8fc0-a1ff399b17b8', '2020-04-12', DEFAULT, 24, DEFAULT), (118, DEFAULT, 'Document system updates', 'Create social media content calendar for next month', DEFAULT, '71c8f57c-aae5-5ac8-8fc0-a1ff399b17b8', '2020-06-02', DEFAULT, 24, DEFAULT), (119, DEFAULT, 'Resolve user issues', 'Update customer database with new information', DEFAULT, '71c8f57c-aae5-5ac8-8fc0-a1ff399b17b8', '2020-03-15', DEFAULT, 24, DEFAULT), (120, DEFAULT, 'Create user account', 'Write a project proposal for the upcoming initiative', DEFAULT, '71c8f57c-aae5-5ac8-8fc0-a1ff399b17b8', '2020-11-11', DEFAULT, 24, DEFAULT), (121, DEFAULT, 'Delete session data', 'Write a project proposal for the upcoming initiative', DEFAULT, '71c8f57c-aae5-5ac8-8fc0-a1ff399b17b8', '2020-10-14', DEFAULT, 25, DEFAULT), (122, DEFAULT, 'Update project status', 'Design a new logo for the company', DEFAULT, '71c8f57c-aae5-5ac8-8fc0-a1ff399b17b8', '2020-04-20', DEFAULT, 25, DEFAULT), (123, DEFAULT, 'Document system updates', 'Conduct user interviews for product feedback', DEFAULT, '71c8f57c-aae5-5ac8-8fc0-a1ff399b17b8', '2020-01-25', DEFAULT, 25, DEFAULT), (124, DEFAULT, 'Validate project requirements', 'Draft a press release for the product launch', DEFAULT, '71c8f57c-aae5-5ac8-8fc0-a1ff399b17b8', '2020-06-02', DEFAULT, 25, DEFAULT), (125, DEFAULT, 'Import user data', 'Coordinate logistics for the upcoming event', DEFAULT, '71c8f57c-aae5-5ac8-8fc0-a1ff399b17b8', '2020-07-27', DEFAULT, 25, DEFAULT);
UPDATE public.projects SET user_id = '0f5d546a-dd80-5406-a005-a4f3061b9fb4' WHERE id = 1;
UPDATE public.projects SET user_id = '0f5d546a-dd80-5406-a005-a4f3061b9fb4' WHERE id = 2;
UPDATE public.projects SET user_id = '0f5d546a-dd80-5406-a005-a4f3061b9fb4' WHERE id = 3;
UPDATE public.projects SET user_id = '0f5d546a-dd80-5406-a005-a4f3061b9fb4' WHERE id = 4;
UPDATE public.projects SET user_id = '0f5d546a-dd80-5406-a005-a4f3061b9fb4' WHERE id = 5;
UPDATE public.projects SET user_id = '5fef9e7c-116a-5504-a6ae-d16f4442d448' WHERE id = 6;
UPDATE public.projects SET user_id = '5fef9e7c-116a-5504-a6ae-d16f4442d448' WHERE id = 7;
UPDATE public.projects SET user_id = '5fef9e7c-116a-5504-a6ae-d16f4442d448' WHERE id = 8;
UPDATE public.projects SET user_id = '5fef9e7c-116a-5504-a6ae-d16f4442d448' WHERE id = 9;
UPDATE public.projects SET user_id = '5fef9e7c-116a-5504-a6ae-d16f4442d448' WHERE id = 10;
UPDATE public.projects SET user_id = '5ac46069-d153-5b50-a0be-8a017d379243' WHERE id = 11;
UPDATE public.projects SET user_id = '5ac46069-d153-5b50-a0be-8a017d379243' WHERE id = 12;
UPDATE public.projects SET user_id = '5ac46069-d153-5b50-a0be-8a017d379243' WHERE id = 13;
UPDATE public.projects SET user_id = '5ac46069-d153-5b50-a0be-8a017d379243' WHERE id = 14;
UPDATE public.projects SET user_id = '5ac46069-d153-5b50-a0be-8a017d379243' WHERE id = 15;
UPDATE public.projects SET user_id = '5f2c632c-1003-5d3e-94f5-6085899aa359' WHERE id = 16;
UPDATE public.projects SET user_id = '5f2c632c-1003-5d3e-94f5-6085899aa359' WHERE id = 17;
UPDATE public.projects SET user_id = '5f2c632c-1003-5d3e-94f5-6085899aa359' WHERE id = 18;
UPDATE public.projects SET user_id = '5f2c632c-1003-5d3e-94f5-6085899aa359' WHERE id = 19;
UPDATE public.projects SET user_id = '5f2c632c-1003-5d3e-94f5-6085899aa359' WHERE id = 20;
UPDATE public.projects SET user_id = '71c8f57c-aae5-5ac8-8fc0-a1ff399b17b8' WHERE id = 21;
UPDATE public.projects SET user_id = '71c8f57c-aae5-5ac8-8fc0-a1ff399b17b8' WHERE id = 22;
UPDATE public.projects SET user_id = '71c8f57c-aae5-5ac8-8fc0-a1ff399b17b8' WHERE id = 23;
UPDATE public.projects SET user_id = '71c8f57c-aae5-5ac8-8fc0-a1ff399b17b8' WHERE id = 24;
UPDATE public.projects SET user_id = '71c8f57c-aae5-5ac8-8fc0-a1ff399b17b8' WHERE id = 25;
SELECT setval('"public"."TaskLists_id_seq"'::regclass, (SELECT MAX("id") FROM "public"."projects"));
SELECT setval('"public"."Tasks_id_seq"'::regclass, (SELECT MAX("id") FROM "public"."tasks"));