INSERT INTO auth.users (instance_id,id,aud,role,email,encrypted_password,email_confirmed_at,invited_at,confirmation_token,confirmation_sent_at,recovery_token,recovery_sent_at,email_change_token_new,email_change,email_change_sent_at,last_sign_in_at,raw_app_meta_data,raw_user_meta_data,is_super_admin,created_at,updated_at,phone,phone_confirmed_at,phone_change,phone_change_token,phone_change_sent_at,email_change_token_current,email_change_confirm_status,banned_until,reauthentication_token,reauthentication_sent_at,is_sso_user,deleted_at,is_anonymous) VALUES ('3dcce8b2-d93e-5155-9a50-a529057e4a9a', '0f5d546a-dd80-5406-a005-a4f3061b9fb4', 'john_doe123', 'manager', 'Dubitia afferenim vitam et hoc possit ipsum.', 'a258144e29e2f2eb6c438b96882ca181', '2020-02-10T13:34:50.000Z', '2020-03-07T03:00:57.000Z', 'Videant qui et restatem eas causa epicipsa.', '2020-12-28T11:35:00.000Z', 'Graecistius ab esse verum libervi, periis sit vire vitamicar voluptatem atione fortibus eo.', '2020-01-09T00:49:11.000Z', 'Concere ego nihil intellegan intera.', 'd6b0be89-0caa-4585-9a5c-7e2740dff69c', '2020-10-02T09:19:38.000Z', '2020-08-16T19:13:05.000Z', '{"Dolorum":"Inor placet si"}', '{"Ulere":"Docti es saturei"}', 't', '2020-06-06T05:41:47.000Z', '2020-03-11T02:10:13.000Z', DEFAULT, '2020-03-11T02:53:19.000Z', DEFAULT, DEFAULT, '2020-12-24T11:30:02.000Z', DEFAULT, DEFAULT, '2020-06-10T05:08:46.000Z', DEFAULT, '2020-06-26T17:49:35.000Z', DEFAULT, '2020-03-23T14:25:27.000Z', DEFAULT), ('6e9ec33d-2e0a-5b02-8e2d-f0d1c5040b5f', '5fef9e7c-116a-5504-a6ae-d16f4442d448', 'alexandra_123', 'owner', 'Quod voluptas gere cernimis eadem omi.', '2ef7bde608ce5404e97d5f042f95f89f', '2020-02-26T13:38:22.000Z', '2020-03-23T14:40:28.000Z', 'Epicium confirmissum inem andae dolordinem nec util.', '2020-10-18T22:13:30.000Z', 'Rerum dum orum amiciti quam, insequimur aut maximus dis ad illus.', '2020-09-25T08:22:24.000Z', 'Se eius et continere sedatum et, vituptas iudicarte necest in omnesque saepe spatio.', 'a6f2d9b8-486f-4524-968f-3e4d04ffcda5', '2020-06-18T17:21:57.000Z', '2020-03-27T14:58:22.000Z', '{"Ali":"Tentiae est"}', '{"Recte":"Aequo faciturnit physici"}', 't', '2020-01-17T12:52:35.000Z', '2020-05-25T17:01:44.000Z', DEFAULT, '2020-07-19T18:13:25.000Z', DEFAULT, DEFAULT, '2020-06-22T05:10:29.000Z', DEFAULT, DEFAULT, '2020-04-04T15:27:18.000Z', DEFAULT, '2020-06-06T17:32:29.000Z', DEFAULT, '2020-08-12T20:00:19.000Z', DEFAULT), ('493e0e3d-0db0-5675-8b80-e9aee6e49834', '5ac46069-d153-5b50-a0be-8a017d379243', 'admin1', 'admin', 'Utionest natorum voluptatib voluptate sit de solidie graeciste, a etiam ipsa potest quae.', '316b74b9100fcf0a0cf3d00b02bbd2c5', '2020-03-19T03:03:29.000Z', '2020-03-19T14:02:18.000Z', 'Es susciplinam beate cum omnes, orest detere assuevergo enim ferre inbecilit peritia ipsas.', '2020-07-19T18:34:10.000Z', 'A isset philos via consequam.', '2020-08-04T19:41:54.000Z', 'Anim praesenimos tamquam cum habensa virtus, corpore qui ambigua quid se quieti consilio voluptatib.', '7dda5b71-d3f1-4f1d-bfa7-0c8d11c7d26e', '2020-05-13T16:18:40.000Z', '2020-06-06T17:45:25.000Z', '{"Quid":"Graeca defuitatem"}', '{"Ipso":"Ad quorum"}', 't', '2020-02-26T13:44:11.000Z', '2020-03-15T14:17:38.000Z', DEFAULT, '2020-04-24T15:47:54.000Z', DEFAULT, DEFAULT, '2020-05-09T04:17:32.000Z', DEFAULT, DEFAULT, '2020-02-02T01:18:30.000Z', DEFAULT, '2020-06-18T06:02:16.000Z', DEFAULT, '2020-03-23T14:10:39.000Z', DEFAULT), ('69e449b5-11f0-513e-8bc4-f52a33b36510', '5f2c632c-1003-5d3e-94f5-6085899aa359', 'james_bond007', 'guest', 'Ratio est quia eteniunt et vituperrit, exista causamur dominiucun etur et.', 'b6d767d2f8ed5d21a44b0e5886680cb9', '2020-12-12T11:31:28.000Z', '2020-08-16T07:57:21.000Z', 'Quasi vacilitis utam ad dolordam sunt epicium quid, modo ad pore e dissenseruer in.', '2020-08-12T08:00:54.000Z', 'Maximpedit et segniorem stabil brute maloritum endum quos.', '2020-09-13T20:37:41.000Z', 'Et non quod nec bonum epicaris magisse cur.', 'a6f2d9b8-486f-4524-968f-3e4d04ffcda5', '2020-11-23T23:08:38.000Z', '2020-06-06T05:48:26.000Z', '{"Enimi":"Idem fieri"}', '{"Quidem":"Eptricest ius"}', 'f', '2020-10-14T21:49:12.000Z', '2020-11-03T10:50:29.000Z', DEFAULT, '2020-01-13T12:12:47.000Z', DEFAULT, DEFAULT, '2020-10-02T21:18:35.000Z', DEFAULT, DEFAULT, '2020-04-20T04:00:32.000Z', DEFAULT, '2020-10-18T09:33:18.000Z', DEFAULT, '2020-04-08T15:48:48.000Z', DEFAULT), ('6e299974-a424-5920-be37-6644fdaa15c1', '71c8f57c-aae5-5ac8-8fc0-a1ff399b17b8', 'michael_jackson', 'owner', 'Et causae evero tellegi abo frui prompta carerrorem.', 'c4ca4238a0b923820dcc509a6f75849b', '2020-02-26T02:02:43.000Z', '2020-05-05T04:59:53.000Z', 'Epicabo duci calerit natur recteque aeque sapientia, eo possine ad capti petentur faciunturpis tamusu itus.', '2020-08-04T08:02:31.000Z', 'Bonum in sine perant quae cur recte, sed intelosop ferreum at ait nosmetu conferre efficer.', '2020-07-27T18:37:54.000Z', 'Latinesse plerum nec bonumque qua.', 'c46d7e3a-5092-4192-8f48-6f496d4b0585', '2020-01-09T12:27:31.000Z', '2020-10-22T21:30:27.000Z', '{"Diuturo":"Quasi metu tur"}', '{"Esse":"Praeclare natus mihi"}', 't', '2020-02-06T01:36:17.000Z', '2020-01-05T00:01:49.000Z', DEFAULT, '2020-11-03T10:49:18.000Z', DEFAULT, DEFAULT, '2020-11-27T11:02:39.000Z', DEFAULT, DEFAULT, '2020-04-08T03:42:16.000Z', DEFAULT, '2020-03-07T15:04:13.000Z', DEFAULT, '2020-06-06T17:55:18.000Z', DEFAULT);
INSERT INTO public."Tasks" (id,created_at,title,description,priority,user_id,due_date,completed,task_list_id) VALUES (1, DEFAULT, 'Fix bug in login process', 'Conduct interviews with prospective candidates for the open position in the department.', DEFAULT, '0f5d546a-dd80-5406-a005-a4f3061b9fb4', '2020-08-12', DEFAULT, 12345566), (2, DEFAULT, 'Review code deployment process', 'Review and revise the employee handbook to reflect current policies and procedures.', DEFAULT, '0f5d546a-dd80-5406-a005-a4f3061b9fb4', '2020-06-02', DEFAULT, 46014), (3, DEFAULT, 'Research competitor products', 'Prepare a detailed project plan outlining milestones and deliverables for the team.', DEFAULT, '0f5d546a-dd80-5406-a005-a4f3061b9fb4', '2020-07-19', DEFAULT, 4142954), (4, DEFAULT, 'Draft project timeline', 'Compile a list of potential vendors for the upcoming project procurement.', DEFAULT, '0f5d546a-dd80-5406-a005-a4f3061b9fb4', '2020-10-22', DEFAULT, 5815807), (5, DEFAULT, 'Review code deployment process', 'Prepare a detailed project plan outlining milestones and deliverables for the team.', DEFAULT, '0f5d546a-dd80-5406-a005-a4f3061b9fb4', '2020-10-02', DEFAULT, 14883003), (6, DEFAULT, 'Prepare project presentation', 'Research and recommend software solutions to streamline project management processes.', DEFAULT, '5fef9e7c-116a-5504-a6ae-d16f4442d448', '2020-12-16', DEFAULT, 10544946), (7, DEFAULT, 'Research competitor products', 'Prepare a presentation for the board of directors on the financial performance of the company.', DEFAULT, '5fef9e7c-116a-5504-a6ae-d16f4442d448', '2020-08-04', DEFAULT, 14817768), (8, DEFAULT, 'Refactor legacy codebase', 'Review and update the client presentation slides for the meeting on Monday.', DEFAULT, '5fef9e7c-116a-5504-a6ae-d16f4442d448', '2020-12-28', DEFAULT, 12089617), (9, DEFAULT, 'Draft project timeline', 'Document the feedback from the user testing sessions for the software development project.', DEFAULT, '5fef9e7c-116a-5504-a6ae-d16f4442d448', '2020-07-23', DEFAULT, 12229236), (10, DEFAULT, 'Prepare project presentation', 'Draft a press release announcing the launch of the new product line.', DEFAULT, '5fef9e7c-116a-5504-a6ae-d16f4442d448', '2020-05-09', DEFAULT, 5163543), (11, DEFAULT, 'Refactor legacy codebase', 'Document the feedback from the user testing sessions for the software development project.', DEFAULT, '5ac46069-d153-5b50-a0be-8a017d379243', '2020-12-20', DEFAULT, 12394863), (12, DEFAULT, 'Test new feature on staging server', 'Analyze sales data to identify opportunities for revenue growth.', DEFAULT, '5ac46069-d153-5b50-a0be-8a017d379243', '2020-01-09', DEFAULT, 2616193), (13, DEFAULT, 'Implement new payment gateway', 'Review and update the client presentation slides for the meeting on Monday.', DEFAULT, '5ac46069-d153-5b50-a0be-8a017d379243', '2020-08-24', DEFAULT, 5872575), (14, DEFAULT, 'Document API endpoints', 'Compile a list of potential vendors for the upcoming project procurement.', DEFAULT, '5ac46069-d153-5b50-a0be-8a017d379243', '2020-01-01', DEFAULT, 13741039), (15, DEFAULT, 'Fix bug in login process', 'Coordinate with the IT team to implement software upgrades for improved productivity.', DEFAULT, '5ac46069-d153-5b50-a0be-8a017d379243', '2020-06-18', DEFAULT, 5914805), (16, DEFAULT, 'Train team on new software tool', 'Draft a press release announcing the launch of the new product line.', DEFAULT, '5f2c632c-1003-5d3e-94f5-6085899aa359', '2020-11-07', DEFAULT, 1013098), (17, DEFAULT, 'Brainstorm marketing campaign ideas', 'Analyze sales data to identify opportunities for revenue growth.', DEFAULT, '5f2c632c-1003-5d3e-94f5-6085899aa359', '2020-02-22', DEFAULT, 1562017), (18, DEFAULT, 'Write user documentation', 'Organize a team-building event to boost employee morale and collaboration.', DEFAULT, '5f2c632c-1003-5d3e-94f5-6085899aa359', '2020-08-20', DEFAULT, 3982274), (19, DEFAULT, 'Document API endpoints', 'Organize a team-building event to boost employee morale and collaboration.', DEFAULT, '5f2c632c-1003-5d3e-94f5-6085899aa359', '2020-04-04', DEFAULT, 1334777), (20, DEFAULT, 'Refactor legacy codebase', 'Analyze sales data to identify opportunities for revenue growth.', DEFAULT, '5f2c632c-1003-5d3e-94f5-6085899aa359', '2020-10-06', DEFAULT, 1419677), (21, DEFAULT, 'Review code deployment process', 'Coordinate with the IT team to implement software upgrades for improved productivity.', DEFAULT, '71c8f57c-aae5-5ac8-8fc0-a1ff399b17b8', '2020-05-17', DEFAULT, 4951270), (22, DEFAULT, 'Fix bug in login process', 'Prepare a presentation for the board of directors on the financial performance of the company.', DEFAULT, '71c8f57c-aae5-5ac8-8fc0-a1ff399b17b8', '2020-01-05', DEFAULT, 14792825), (23, DEFAULT, 'Write user documentation', 'Coordinate with the IT team to implement software upgrades for improved productivity.', DEFAULT, '71c8f57c-aae5-5ac8-8fc0-a1ff399b17b8', '2020-12-28', DEFAULT, 6241600), (24, DEFAULT, 'Draft project timeline', 'Analyze sales data to identify opportunities for revenue growth.', DEFAULT, '71c8f57c-aae5-5ac8-8fc0-a1ff399b17b8', '2020-03-23', DEFAULT, 3055774), (25, DEFAULT, 'Document API endpoints', 'Analyze sales data to identify opportunities for revenue growth.', DEFAULT, '71c8f57c-aae5-5ac8-8fc0-a1ff399b17b8', '2020-10-26', DEFAULT, 11439960);
INSERT INTO public."TaskLists" (id,created_at,name,user_id) VALUES (1, DEFAULT, 'Gubernumquam neces queo lat quidem propterum in.', NULL), (2, DEFAULT, 'Nominimo fabulatio ratione solum atesse malle, afferentib non et nis quam rer.', NULL), (3, DEFAULT, 'Perspici igitattin nominandae maluisti dixi non horum flagit.', NULL), (4, DEFAULT, 'Et ultime sit maxim id nullam posse.', NULL), (5, DEFAULT, 'Dubitat modus aut civit cum ilius.', NULL), (6, DEFAULT, 'Dicam laudab firmatur sint vivenim.', NULL), (7, DEFAULT, 'Aut probete in causam pro si veniri ducatque.', NULL), (8, DEFAULT, 'Inas eorum efficille quo ut non in, officiant quem ultimum monstret sed reliquid non.', NULL), (9, DEFAULT, 'Tum de idie postulit plus, alia appetetur inquam potestia servarias eisque mentitudin.', NULL), (10, DEFAULT, 'Malle interesse magis audirriden placuit ad autem, fieri declinamur aut perferat excelsuscep nec virtutibus.', NULL), (11, DEFAULT, 'Earum voluptates minortercap scribendum inum is sunt.', NULL), (12, DEFAULT, 'Futur ad utatio rebus possit satis in quaerenim.', NULL), (13, DEFAULT, 'Rem omne legangustar cum curathenis vix nomindustriae et, et praeclare et eturis nihilis aut et quasi.', NULL), (14, DEFAULT, 'Distinctio legendere autem ut studium, afficiatur summum enimo erem fortit ille ut dicem.', NULL), (15, DEFAULT, 'Res dicta possit unde primos tam pariant nosque, idere non ut fore deducere motum parvos ad.', NULL), (16, DEFAULT, 'Autem confidem tolerriti aut legenime ante at neque.', NULL), (17, DEFAULT, 'Efficitiam ut diis et cederierun, commemorib sed litatomne ea paria aut eliae.', NULL), (18, DEFAULT, 'Hic prima investra nostros ob verbi naturo, pericit et potioremur aut nullo oribus ut.', NULL), (19, DEFAULT, 'Solum dicamplific a vi sent scribi sequatur intem, expetentur igi mentituri eum corpore efficerun im.', NULL), (20, DEFAULT, 'A qui ullam accedendae suas corporis, ad beate ea finitia natur.', NULL), (21, DEFAULT, 'A multi et quis si epice tam inquam, ius quam memin ac locum.', NULL), (22, DEFAULT, 'Has putanus sustulant cens natur, aut in a aeque in metu ophia.', NULL), (23, DEFAULT, 'Nihilla sent libidendi quem summum.', NULL), (24, DEFAULT, 'Naturus quod multa idinem in, voluptate amur dolorem nec theophrastus non.', NULL), (25, DEFAULT, 'Conscientia ab amicorum inter inim vos, tua ad coercenses bonum suscepis.', NULL);
UPDATE public."TaskLists" SET user_id = '0f5d546a-dd80-5406-a005-a4f3061b9fb4' WHERE id = 1;
UPDATE public."TaskLists" SET user_id = '0f5d546a-dd80-5406-a005-a4f3061b9fb4' WHERE id = 2;
UPDATE public."TaskLists" SET user_id = '0f5d546a-dd80-5406-a005-a4f3061b9fb4' WHERE id = 3;
UPDATE public."TaskLists" SET user_id = '0f5d546a-dd80-5406-a005-a4f3061b9fb4' WHERE id = 4;
UPDATE public."TaskLists" SET user_id = '0f5d546a-dd80-5406-a005-a4f3061b9fb4' WHERE id = 5;
UPDATE public."TaskLists" SET user_id = '5fef9e7c-116a-5504-a6ae-d16f4442d448' WHERE id = 6;
UPDATE public."TaskLists" SET user_id = '5fef9e7c-116a-5504-a6ae-d16f4442d448' WHERE id = 7;
UPDATE public."TaskLists" SET user_id = '5fef9e7c-116a-5504-a6ae-d16f4442d448' WHERE id = 8;
UPDATE public."TaskLists" SET user_id = '5fef9e7c-116a-5504-a6ae-d16f4442d448' WHERE id = 9;
UPDATE public."TaskLists" SET user_id = '5fef9e7c-116a-5504-a6ae-d16f4442d448' WHERE id = 10;
UPDATE public."TaskLists" SET user_id = '5ac46069-d153-5b50-a0be-8a017d379243' WHERE id = 11;
UPDATE public."TaskLists" SET user_id = '5ac46069-d153-5b50-a0be-8a017d379243' WHERE id = 12;
UPDATE public."TaskLists" SET user_id = '5ac46069-d153-5b50-a0be-8a017d379243' WHERE id = 13;
UPDATE public."TaskLists" SET user_id = '5ac46069-d153-5b50-a0be-8a017d379243' WHERE id = 14;
UPDATE public."TaskLists" SET user_id = '5ac46069-d153-5b50-a0be-8a017d379243' WHERE id = 15;
UPDATE public."TaskLists" SET user_id = '5f2c632c-1003-5d3e-94f5-6085899aa359' WHERE id = 16;
UPDATE public."TaskLists" SET user_id = '5f2c632c-1003-5d3e-94f5-6085899aa359' WHERE id = 17;
UPDATE public."TaskLists" SET user_id = '5f2c632c-1003-5d3e-94f5-6085899aa359' WHERE id = 18;
UPDATE public."TaskLists" SET user_id = '5f2c632c-1003-5d3e-94f5-6085899aa359' WHERE id = 19;
UPDATE public."TaskLists" SET user_id = '5f2c632c-1003-5d3e-94f5-6085899aa359' WHERE id = 20;
UPDATE public."TaskLists" SET user_id = '71c8f57c-aae5-5ac8-8fc0-a1ff399b17b8' WHERE id = 21;
UPDATE public."TaskLists" SET user_id = '71c8f57c-aae5-5ac8-8fc0-a1ff399b17b8' WHERE id = 22;
UPDATE public."TaskLists" SET user_id = '71c8f57c-aae5-5ac8-8fc0-a1ff399b17b8' WHERE id = 23;
UPDATE public."TaskLists" SET user_id = '71c8f57c-aae5-5ac8-8fc0-a1ff399b17b8' WHERE id = 24;
UPDATE public."TaskLists" SET user_id = '71c8f57c-aae5-5ac8-8fc0-a1ff399b17b8' WHERE id = 25;
SELECT setval('"public"."Tasks_id_seq"'::regclass, (SELECT MAX("id") FROM "public"."Tasks"));
SELECT setval('"public"."TaskLists_id_seq"'::regclass, (SELECT MAX("id") FROM "public"."TaskLists"));