INSERT INTO auth.users (instance_id,id,aud,role,email,encrypted_password,email_confirmed_at,invited_at,confirmation_token,confirmation_sent_at,recovery_token,recovery_sent_at,email_change_token_new,email_change,email_change_sent_at,last_sign_in_at,raw_app_meta_data,raw_user_meta_data,is_super_admin,created_at,updated_at,phone,phone_confirmed_at,phone_change,phone_change_token,phone_change_sent_at,email_change_token_current,email_change_confirm_status,banned_until,reauthentication_token,reauthentication_sent_at,is_sso_user,deleted_at,is_anonymous) VALUES ('3dcce8b2-d93e-5155-9a50-a529057e4a9a', '0f5d546a-dd80-5406-a005-a4f3061b9fb4', 'admin_456', 'editor', 'Dubitia afferenim vitam et hoc possit ipsum.', 'e7c8a1f1fc4d4d8a9e74f8b8a1a50f1b', '2020-02-10T13:34:50.000Z', '2020-03-07T03:00:57.000Z', 'Videant qui et restatem eas causa epicipsa.', '2020-12-28T11:35:00.000Z', 'Graecistius ab esse verum libervi, periis sit vire vitamicar voluptatem atione fortibus eo.', '2020-01-09T00:49:11.000Z', 'Concere ego nihil intellegan intera.', 'customer.support@example.com', '2020-10-02T09:19:38.000Z', '2020-08-16T19:13:05.000Z', '{"Dolorum":"Inor placet si"}', '{"Ulere":"Docti es saturei"}', 't', '2020-06-06T05:41:47.000Z', '2020-03-11T02:10:13.000Z', DEFAULT, '2020-03-11T02:53:19.000Z', DEFAULT, DEFAULT, '2020-12-24T11:30:02.000Z', DEFAULT, DEFAULT, '2020-06-10T05:08:46.000Z', DEFAULT, '2020-06-26T17:49:35.000Z', DEFAULT, '2020-03-23T14:25:27.000Z', DEFAULT), ('6e9ec33d-2e0a-5b02-8e2d-f0d1c5040b5f', '5fef9e7c-116a-5504-a6ae-d16f4442d448', 'customer_789', 'guest', 'Quod voluptas gere cernimis eadem omi.', '8af4bfea85f74f73b1e0e9d7a29db904', '2020-02-26T13:38:22.000Z', '2020-03-23T14:40:28.000Z', 'Epicium confirmissum inem andae dolordinem nec util.', '2020-10-18T22:13:30.000Z', 'Rerum dum orum amiciti quam, insequimur aut maximus dis ad illus.', '2020-09-25T08:22:24.000Z', 'Se eius et continere sedatum et, vituptas iudicarte necest in omnesque saepe spatio.', 'eventplanner@events.co', '2020-06-18T17:21:57.000Z', '2020-03-27T14:58:22.000Z', '{"Ali":"Tentiae est"}', '{"Recte":"Aequo faciturnit physici"}', 't', '2020-01-17T12:52:35.000Z', '2020-05-25T17:01:44.000Z', DEFAULT, '2020-07-19T18:13:25.000Z', DEFAULT, DEFAULT, '2020-06-22T05:10:29.000Z', DEFAULT, DEFAULT, '2020-04-04T15:27:18.000Z', DEFAULT, '2020-06-06T17:32:29.000Z', DEFAULT, '2020-08-12T20:00:19.000Z', DEFAULT), ('493e0e3d-0db0-5675-8b80-e9aee6e49834', '5ac46069-d153-5b50-a0be-8a017d379243', 'user123', 'admin', 'Utionest natorum voluptatib voluptate sit de solidie graeciste, a etiam ipsa potest quae.', 'fd28d738f40a46caab1a060d8a8d8f02', '2020-03-19T03:03:29.000Z', '2020-03-19T14:02:18.000Z', 'Es susciplinam beate cum omnes, orest detere assuevergo enim ferre inbecilit peritia ipsas.', '2020-07-19T18:34:10.000Z', 'A isset philos via consequam.', '2020-08-04T19:41:54.000Z', 'Anim praesenimos tamquam cum habensa virtus, corpore qui ambigua quid se quieti consilio voluptatib.', 'user1234@outlook.com', '2020-05-13T16:18:40.000Z', '2020-06-06T17:45:25.000Z', '{"Quid":"Graeca defuitatem"}', '{"Ipso":"Ad quorum"}', 't', '2020-02-26T13:44:11.000Z', '2020-03-15T14:17:38.000Z', DEFAULT, '2020-04-24T15:47:54.000Z', DEFAULT, DEFAULT, '2020-05-09T04:17:32.000Z', DEFAULT, DEFAULT, '2020-02-02T01:18:30.000Z', DEFAULT, '2020-06-18T06:02:16.000Z', DEFAULT, '2020-03-23T14:10:39.000Z', DEFAULT), ('69e449b5-11f0-513e-8bc4-f52a33b36510', '5f2c632c-1003-5d3e-94f5-6085899aa359', 'alice_smith', 'staff', 'Ratio est quia eteniunt et vituperrit, exista causamur dominiucun etur et.', 'a1d6b7c67b204504b8fa45b7f5c27c93', '2020-12-12T11:31:28.000Z', '2020-08-16T07:57:21.000Z', 'Quasi vacilitis utam ad dolordam sunt epicium quid, modo ad pore e dissenseruer in.', '2020-08-12T08:00:54.000Z', 'Maximpedit et segniorem stabil brute maloritum endum quos.', '2020-09-13T20:37:41.000Z', 'Et non quod nec bonum epicaris magisse cur.', 'eventplanner@events.co', '2020-11-23T23:08:38.000Z', '2020-06-06T05:48:26.000Z', '{"Enimi":"Idem fieri"}', '{"Quidem":"Eptricest ius"}', 'f', '2020-10-14T21:49:12.000Z', '2020-11-03T10:50:29.000Z', DEFAULT, '2020-01-13T12:12:47.000Z', DEFAULT, DEFAULT, '2020-10-02T21:18:35.000Z', DEFAULT, DEFAULT, '2020-04-20T04:00:32.000Z', DEFAULT, '2020-10-18T09:33:18.000Z', DEFAULT, '2020-04-08T15:48:48.000Z', DEFAULT), ('6e299974-a424-5920-be37-6644fdaa15c1', '71c8f57c-aae5-5ac8-8fc0-a1ff399b17b8', 'peter_parker', 'guest', 'Et causae evero tellegi abo frui prompta carerrorem.', '9f60d5bb3ab74786950f0e5d688398ce', '2020-02-26T02:02:43.000Z', '2020-05-05T04:59:53.000Z', 'Epicabo duci calerit natur recteque aeque sapientia, eo possine ad capti petentur faciunturpis tamusu itus.', '2020-08-04T08:02:31.000Z', 'Bonum in sine perant quae cur recte, sed intelosop ferreum at ait nosmetu conferre efficer.', '2020-07-27T18:37:54.000Z', 'Latinesse plerum nec bonumque qua.', 'jane.smith@yahoo.com', '2020-01-09T12:27:31.000Z', '2020-10-22T21:30:27.000Z', '{"Diuturo":"Quasi metu tur"}', '{"Esse":"Praeclare natus mihi"}', 't', '2020-02-06T01:36:17.000Z', '2020-01-05T00:01:49.000Z', DEFAULT, '2020-11-03T10:49:18.000Z', DEFAULT, DEFAULT, '2020-11-27T11:02:39.000Z', DEFAULT, DEFAULT, '2020-04-08T03:42:16.000Z', DEFAULT, '2020-03-07T15:04:13.000Z', DEFAULT, '2020-06-06T17:55:18.000Z', DEFAULT);
INSERT INTO public.projects (id,created_at,name,user_id) VALUES (76, DEFAULT, 'Supply Chain Optimization Platform', NULL), (77, DEFAULT, 'Charity Fundraising Portal', NULL), (78, DEFAULT, 'Job Search Aggregator', NULL), (79, DEFAULT, 'Online Bookstore', NULL), (80, DEFAULT, 'Travel Itinerary Planner', NULL), (81, DEFAULT, 'Project Management Dashboard', NULL), (82, DEFAULT, 'Project Management Dashboard', NULL), (83, DEFAULT, 'Customer Loyalty Program', NULL), (84, DEFAULT, 'Expense Tracking App', NULL), (85, DEFAULT, 'Sales Dashboard', NULL), (86, DEFAULT, 'Online Bookstore', NULL), (87, DEFAULT, 'Event Ticketing System', NULL), (88, DEFAULT, 'Job Search Aggregator', NULL), (89, DEFAULT, 'Fitness Tracker App', NULL), (90, DEFAULT, 'Job Search Aggregator', NULL), (91, DEFAULT, 'Event Ticketing System', NULL), (92, DEFAULT, 'Inventory Management System', NULL), (93, DEFAULT, 'Healthcare Appointment Scheduler', NULL), (94, DEFAULT, 'Weather Forecasting Application', NULL), (95, DEFAULT, 'Social Media Monitoring Tool', NULL), (96, DEFAULT, 'Job Search Aggregator', NULL), (97, DEFAULT, 'Real Estate Listings Website', NULL), (98, DEFAULT, 'Marketing Campaign Analysis Tool', NULL), (99, DEFAULT, 'Supply Chain Optimization Platform', NULL), (100, DEFAULT, 'Supply Chain Optimization Platform', NULL);
INSERT INTO public.tasks (id,created_at,title,description,priority,user_id,due_date,completed,project_id,stage,assigned_users) VALUES (385, DEFAULT, 'Prepare for quarterly review', 'Review and edit the draft press release before distribution', DEFAULT, '0f5d546a-dd80-5406-a005-a4f3061b9fb4', '2020-07-19', DEFAULT, 76, DEFAULT, DEFAULT), (386, DEFAULT, 'Call client for follow-up', 'Prepare a presentation on the latest product features for the team meeting', DEFAULT, '0f5d546a-dd80-5406-a005-a4f3061b9fb4', '2020-11-27', DEFAULT, 76, DEFAULT, DEFAULT), (387, DEFAULT, 'Call client for follow-up', 'Write detailed test cases for the QA team to execute', DEFAULT, '0f5d546a-dd80-5406-a005-a4f3061b9fb4', '2020-01-13', DEFAULT, 76, DEFAULT, DEFAULT), (388, DEFAULT, 'Train new employee', 'Schedule and facilitate a team-building activity for the department', DEFAULT, '0f5d546a-dd80-5406-a005-a4f3061b9fb4', '2020-11-03', DEFAULT, 76, DEFAULT, DEFAULT), (389, DEFAULT, 'Write monthly progress report', 'Complete the market research report by Friday afternoon', DEFAULT, '0f5d546a-dd80-5406-a005-a4f3061b9fb4', '2020-03-23', DEFAULT, 76, DEFAULT, DEFAULT), (390, DEFAULT, 'Buy groceries', 'Conduct a training session on the new software features for employees', DEFAULT, '0f5d546a-dd80-5406-a005-a4f3061b9fb4', '2020-04-12', DEFAULT, 77, DEFAULT, DEFAULT), (391, DEFAULT, 'Design promotional materials', 'Create wireframes for the website redesign project', DEFAULT, '0f5d546a-dd80-5406-a005-a4f3061b9fb4', '2020-10-18', DEFAULT, 77, DEFAULT, DEFAULT), (392, DEFAULT, 'Update website content', 'Prepare a presentation on the latest product features for the team meeting', DEFAULT, '0f5d546a-dd80-5406-a005-a4f3061b9fb4', '2020-10-22', DEFAULT, 77, DEFAULT, DEFAULT), (393, DEFAULT, 'Plan team-building activity', 'Research industry trends to prepare a market analysis report', DEFAULT, '0f5d546a-dd80-5406-a005-a4f3061b9fb4', '2020-12-20', DEFAULT, 77, DEFAULT, DEFAULT), (394, DEFAULT, 'Attend networking event', 'Draft a proposal for the client presentation next week', DEFAULT, '0f5d546a-dd80-5406-a005-a4f3061b9fb4', '2020-06-14', DEFAULT, 77, DEFAULT, DEFAULT), (395, DEFAULT, 'Schedule meeting with team', 'Review and edit the draft press release before distribution', DEFAULT, '0f5d546a-dd80-5406-a005-a4f3061b9fb4', '2020-07-27', DEFAULT, 78, DEFAULT, DEFAULT), (396, DEFAULT, 'Submit expense report', 'Test the new software build for compatibility issues', DEFAULT, '0f5d546a-dd80-5406-a005-a4f3061b9fb4', '2020-11-15', DEFAULT, 78, DEFAULT, DEFAULT), (397, DEFAULT, 'Buy groceries', 'Coordinate with the design team to incorporate feedback on the prototype', DEFAULT, '0f5d546a-dd80-5406-a005-a4f3061b9fb4', '2020-01-01', DEFAULT, 78, DEFAULT, DEFAULT), (398, DEFAULT, 'Implement software update', 'Prepare a presentation on the latest product features for the team meeting', DEFAULT, '0f5d546a-dd80-5406-a005-a4f3061b9fb4', '2020-04-16', DEFAULT, 78, DEFAULT, DEFAULT), (399, DEFAULT, 'Attend networking event', 'Prepare a presentation on the latest product features for the team meeting', DEFAULT, '0f5d546a-dd80-5406-a005-a4f3061b9fb4', '2020-10-02', DEFAULT, 78, DEFAULT, DEFAULT), (400, DEFAULT, 'Write monthly progress report', 'Write a detailed user guide for the new software release', DEFAULT, '0f5d546a-dd80-5406-a005-a4f3061b9fb4', '2020-03-15', DEFAULT, 79, DEFAULT, DEFAULT), (401, DEFAULT, 'Update website content', 'Draft a proposal for the client presentation next week', DEFAULT, '0f5d546a-dd80-5406-a005-a4f3061b9fb4', '2020-08-08', DEFAULT, 79, DEFAULT, DEFAULT), (402, DEFAULT, 'Research new marketing strategies', 'Organize a brainstorming session to generate ideas for the upcoming project', DEFAULT, '0f5d546a-dd80-5406-a005-a4f3061b9fb4', '2020-04-12', DEFAULT, 79, DEFAULT, DEFAULT), (403, DEFAULT, 'Attend networking event', 'Coordinate logistics for the offsite team retreat', DEFAULT, '0f5d546a-dd80-5406-a005-a4f3061b9fb4', '2020-02-26', DEFAULT, 79, DEFAULT, DEFAULT), (404, DEFAULT, 'Train new employee', 'Research industry trends to prepare a market analysis report', DEFAULT, '0f5d546a-dd80-5406-a005-a4f3061b9fb4', '2020-10-18', DEFAULT, 79, DEFAULT, DEFAULT), (405, DEFAULT, 'Complete project presentation', 'Test the new software build for compatibility issues', DEFAULT, '0f5d546a-dd80-5406-a005-a4f3061b9fb4', '2020-11-07', DEFAULT, 80, DEFAULT, DEFAULT), (406, DEFAULT, 'Call client for follow-up', 'Organize a brainstorming session to generate ideas for the upcoming project', DEFAULT, '0f5d546a-dd80-5406-a005-a4f3061b9fb4', '2020-10-22', DEFAULT, 80, DEFAULT, DEFAULT), (407, DEFAULT, 'Buy groceries', 'Coordinate logistics for the offsite team retreat', DEFAULT, '0f5d546a-dd80-5406-a005-a4f3061b9fb4', '2020-07-11', DEFAULT, 80, DEFAULT, DEFAULT), (408, DEFAULT, 'Design promotional materials', 'Compile a list of potential vendors for the procurement department', DEFAULT, '0f5d546a-dd80-5406-a005-a4f3061b9fb4', '2020-09-25', DEFAULT, 80, DEFAULT, DEFAULT), (409, DEFAULT, 'Brainstorm ideas for product launch', 'Write detailed test cases for the QA team to execute', DEFAULT, '0f5d546a-dd80-5406-a005-a4f3061b9fb4', '2020-12-28', DEFAULT, 80, DEFAULT, DEFAULT), (410, DEFAULT, 'Renew gym membership', 'Review and edit the draft press release before distribution', DEFAULT, '5fef9e7c-116a-5504-a6ae-d16f4442d448', '2020-04-12', DEFAULT, 81, DEFAULT, DEFAULT), (411, DEFAULT, 'Implement software update', 'Conduct user testing sessions for the mobile app redesign', DEFAULT, '5fef9e7c-116a-5504-a6ae-d16f4442d448', '2020-10-22', DEFAULT, 81, DEFAULT, DEFAULT), (412, DEFAULT, 'Write monthly progress report', 'Coordinate with the design team to incorporate feedback on the prototype', DEFAULT, '5fef9e7c-116a-5504-a6ae-d16f4442d448', '2020-06-22', DEFAULT, 81, DEFAULT, DEFAULT), (413, DEFAULT, 'Buy groceries', 'Review and update the project timeline based on the new requirements', DEFAULT, '5fef9e7c-116a-5504-a6ae-d16f4442d448', '2020-04-16', DEFAULT, 81, DEFAULT, DEFAULT), (414, DEFAULT, 'Call client for follow-up', 'Conduct a training session on the new software features for employees', DEFAULT, '5fef9e7c-116a-5504-a6ae-d16f4442d448', '2020-10-02', DEFAULT, 81, DEFAULT, DEFAULT), (415, DEFAULT, 'Volunteer at local charity event', 'Research industry trends to prepare a market analysis report', DEFAULT, '5fef9e7c-116a-5504-a6ae-d16f4442d448', '2020-12-08', DEFAULT, 82, DEFAULT, DEFAULT), (416, DEFAULT, 'Call client for follow-up', 'Collaborate with the marketing team to finalize the promotional campaign', DEFAULT, '5fef9e7c-116a-5504-a6ae-d16f4442d448', '2020-09-01', DEFAULT, 82, DEFAULT, DEFAULT), (417, DEFAULT, 'Train new employee', 'Review and update the project timeline based on the new requirements', DEFAULT, '5fef9e7c-116a-5504-a6ae-d16f4442d448', '2020-03-15', DEFAULT, 82, DEFAULT, DEFAULT), (418, DEFAULT, 'Attend networking event', 'Coordinate logistics for the offsite team retreat', DEFAULT, '5fef9e7c-116a-5504-a6ae-d16f4442d448', '2020-03-23', DEFAULT, 82, DEFAULT, DEFAULT), (419, DEFAULT, 'Complete project presentation', 'Create wireframes for the website redesign project', DEFAULT, '5fef9e7c-116a-5504-a6ae-d16f4442d448', '2020-10-18', DEFAULT, 82, DEFAULT, DEFAULT), (420, DEFAULT, 'Volunteer at local charity event', 'Develop a social media strategy for the upcoming product launch', DEFAULT, '5fef9e7c-116a-5504-a6ae-d16f4442d448', '2020-05-01', DEFAULT, 83, DEFAULT, DEFAULT), (421, DEFAULT, 'Buy groceries', 'Compile a list of potential vendors for the procurement department', DEFAULT, '5fef9e7c-116a-5504-a6ae-d16f4442d448', '2020-09-25', DEFAULT, 83, DEFAULT, DEFAULT), (422, DEFAULT, 'Review feedback from customer surveys', 'Write detailed test cases for the QA team to execute', DEFAULT, '5fef9e7c-116a-5504-a6ae-d16f4442d448', '2020-11-27', DEFAULT, 83, DEFAULT, DEFAULT), (423, DEFAULT, 'Review feedback from customer surveys', 'Research industry trends to prepare a market analysis report', DEFAULT, '5fef9e7c-116a-5504-a6ae-d16f4442d448', '2020-04-12', DEFAULT, 83, DEFAULT, DEFAULT), (424, DEFAULT, 'Review feedback from customer surveys', 'Organize a brainstorming session to generate ideas for the upcoming project', DEFAULT, '5fef9e7c-116a-5504-a6ae-d16f4442d448', '2020-06-02', DEFAULT, 83, DEFAULT, DEFAULT), (425, DEFAULT, 'Submit expense report', 'Coordinate logistics for the offsite team retreat', DEFAULT, '5fef9e7c-116a-5504-a6ae-d16f4442d448', '2020-10-18', DEFAULT, 84, DEFAULT, DEFAULT), (426, DEFAULT, 'Renew gym membership', 'Prepare a presentation on the latest product features for the team meeting', DEFAULT, '5fef9e7c-116a-5504-a6ae-d16f4442d448', '2020-11-27', DEFAULT, 84, DEFAULT, DEFAULT), (427, DEFAULT, 'Buy groceries', 'Prepare a presentation on the latest product features for the team meeting', DEFAULT, '5fef9e7c-116a-5504-a6ae-d16f4442d448', '2020-07-27', DEFAULT, 84, DEFAULT, DEFAULT), (428, DEFAULT, 'Update website content', 'Create wireframes for the website redesign project', DEFAULT, '5fef9e7c-116a-5504-a6ae-d16f4442d448', '2020-06-06', DEFAULT, 84, DEFAULT, DEFAULT), (429, DEFAULT, 'Renew gym membership', 'Organize a brainstorming session to generate ideas for the upcoming project', DEFAULT, '5fef9e7c-116a-5504-a6ae-d16f4442d448', '2020-08-28', DEFAULT, 84, DEFAULT, DEFAULT), (430, DEFAULT, 'Write monthly progress report', 'Prepare a presentation on the latest product features for the team meeting', DEFAULT, '5fef9e7c-116a-5504-a6ae-d16f4442d448', '2020-10-02', DEFAULT, 85, DEFAULT, DEFAULT), (431, DEFAULT, 'Train new employee', 'Conduct user testing sessions for the mobile app redesign', DEFAULT, '5fef9e7c-116a-5504-a6ae-d16f4442d448', '2020-06-10', DEFAULT, 85, DEFAULT, DEFAULT), (432, DEFAULT, 'Review feedback from customer surveys', 'Coordinate with the design team to incorporate feedback on the prototype', DEFAULT, '5fef9e7c-116a-5504-a6ae-d16f4442d448', '2020-07-15', DEFAULT, 85, DEFAULT, DEFAULT), (433, DEFAULT, 'Submit expense report', 'Analyze the financial data to identify cost-saving opportunities', DEFAULT, '5fef9e7c-116a-5504-a6ae-d16f4442d448', '2020-07-15', DEFAULT, 85, DEFAULT, DEFAULT), (434, DEFAULT, 'Research new marketing strategies', 'Review and edit the draft press release before distribution', DEFAULT, '5fef9e7c-116a-5504-a6ae-d16f4442d448', '2020-07-03', DEFAULT, 85, DEFAULT, DEFAULT), (435, DEFAULT, 'Schedule meeting with team', 'Analyze the financial data to identify cost-saving opportunities', DEFAULT, '5ac46069-d153-5b50-a0be-8a017d379243', '2020-09-13', DEFAULT, 86, DEFAULT, DEFAULT), (436, DEFAULT, 'Attend networking event', 'Coordinate logistics for the offsite team retreat', DEFAULT, '5ac46069-d153-5b50-a0be-8a017d379243', '2020-06-10', DEFAULT, 86, DEFAULT, DEFAULT), (437, DEFAULT, 'Buy groceries', 'Complete the market research report by Friday afternoon', DEFAULT, '5ac46069-d153-5b50-a0be-8a017d379243', '2020-02-26', DEFAULT, 86, DEFAULT, DEFAULT), (438, DEFAULT, 'Prepare for quarterly review', 'Research industry trends to prepare a market analysis report', DEFAULT, '5ac46069-d153-5b50-a0be-8a017d379243', '2020-07-19', DEFAULT, 86, DEFAULT, DEFAULT), (439, DEFAULT, 'Brainstorm ideas for product launch', 'Collaborate with the marketing team to finalize the promotional campaign', DEFAULT, '5ac46069-d153-5b50-a0be-8a017d379243', '2020-08-24', DEFAULT, 86, DEFAULT, DEFAULT), (440, DEFAULT, 'Renew gym membership', 'Schedule and facilitate a team-building activity for the department', DEFAULT, '5ac46069-d153-5b50-a0be-8a017d379243', '2020-03-03', DEFAULT, 87, DEFAULT, DEFAULT), (441, DEFAULT, 'Complete project presentation', 'Write detailed test cases for the QA team to execute', DEFAULT, '5ac46069-d153-5b50-a0be-8a017d379243', '2020-09-01', DEFAULT, 87, DEFAULT, DEFAULT), (442, DEFAULT, 'Design promotional materials', 'Draft a proposal for the client presentation next week', DEFAULT, '5ac46069-d153-5b50-a0be-8a017d379243', '2020-06-14', DEFAULT, 87, DEFAULT, DEFAULT), (443, DEFAULT, 'Volunteer at local charity event', 'Schedule and facilitate a team-building activity for the department', DEFAULT, '5ac46069-d153-5b50-a0be-8a017d379243', '2020-10-18', DEFAULT, 87, DEFAULT, DEFAULT), (444, DEFAULT, 'Submit expense report', 'Coordinate with the design team to incorporate feedback on the prototype', DEFAULT, '5ac46069-d153-5b50-a0be-8a017d379243', '2020-08-28', DEFAULT, 87, DEFAULT, DEFAULT), (445, DEFAULT, 'Schedule meeting with team', 'Organize a brainstorming session to generate ideas for the upcoming project', DEFAULT, '5ac46069-d153-5b50-a0be-8a017d379243', '2020-06-18', DEFAULT, 88, DEFAULT, DEFAULT), (446, DEFAULT, 'Call client for follow-up', 'Write detailed test cases for the QA team to execute', DEFAULT, '5ac46069-d153-5b50-a0be-8a017d379243', '2020-06-18', DEFAULT, 88, DEFAULT, DEFAULT), (447, DEFAULT, 'Brainstorm ideas for product launch', 'Create wireframes for the website redesign project', DEFAULT, '5ac46069-d153-5b50-a0be-8a017d379243', '2020-07-19', DEFAULT, 88, DEFAULT, DEFAULT), (448, DEFAULT, 'Update website content', 'Research industry trends to prepare a market analysis report', DEFAULT, '5ac46069-d153-5b50-a0be-8a017d379243', '2020-03-15', DEFAULT, 88, DEFAULT, DEFAULT), (449, DEFAULT, 'Review feedback from customer surveys', 'Coordinate logistics for the offsite team retreat', DEFAULT, '5ac46069-d153-5b50-a0be-8a017d379243', '2020-04-16', DEFAULT, 88, DEFAULT, DEFAULT), (450, DEFAULT, 'Implement software update', 'Conduct user testing sessions for the mobile app redesign', DEFAULT, '5ac46069-d153-5b50-a0be-8a017d379243', '2020-01-05', DEFAULT, 89, DEFAULT, DEFAULT), (451, DEFAULT, 'Renew gym membership', 'Analyze the financial data to identify cost-saving opportunities', DEFAULT, '5ac46069-d153-5b50-a0be-8a017d379243', '2020-05-01', DEFAULT, 89, DEFAULT, DEFAULT), (452, DEFAULT, 'Design promotional materials', 'Complete the market research report by Friday afternoon', DEFAULT, '5ac46069-d153-5b50-a0be-8a017d379243', '2020-10-06', DEFAULT, 89, DEFAULT, DEFAULT), (453, DEFAULT, 'Design promotional materials', 'Draft a proposal for the client presentation next week', DEFAULT, '5ac46069-d153-5b50-a0be-8a017d379243', '2020-08-08', DEFAULT, 89, DEFAULT, DEFAULT), (454, DEFAULT, 'Review feedback from customer surveys', 'Compile a list of potential vendors for the procurement department', DEFAULT, '5ac46069-d153-5b50-a0be-8a017d379243', '2020-06-18', DEFAULT, 89, DEFAULT, DEFAULT), (455, DEFAULT, 'Review feedback from customer surveys', 'Compile a list of potential vendors for the procurement department', DEFAULT, '5ac46069-d153-5b50-a0be-8a017d379243', '2020-04-16', DEFAULT, 90, DEFAULT, DEFAULT), (456, DEFAULT, 'Design promotional materials', 'Review and update the project timeline based on the new requirements', DEFAULT, '5ac46069-d153-5b50-a0be-8a017d379243', '2020-03-23', DEFAULT, 90, DEFAULT, DEFAULT), (457, DEFAULT, 'Prepare for quarterly review', 'Research industry trends to prepare a market analysis report', DEFAULT, '5ac46069-d153-5b50-a0be-8a017d379243', '2020-05-25', DEFAULT, 90, DEFAULT, DEFAULT), (458, DEFAULT, 'Create social media calendar', 'Compile a list of potential vendors for the procurement department', DEFAULT, '5ac46069-d153-5b50-a0be-8a017d379243', '2020-03-11', DEFAULT, 90, DEFAULT, DEFAULT), (459, DEFAULT, 'Buy groceries', 'Review and update the project timeline based on the new requirements', DEFAULT, '5ac46069-d153-5b50-a0be-8a017d379243', '2020-05-21', DEFAULT, 90, DEFAULT, DEFAULT), (460, DEFAULT, 'Implement software update', 'Write a detailed user guide for the new software release', DEFAULT, '5f2c632c-1003-5d3e-94f5-6085899aa359', '2020-09-25', DEFAULT, 91, DEFAULT, DEFAULT), (461, DEFAULT, 'Prepare for quarterly review', 'Organize a brainstorming session to generate ideas for the upcoming project', DEFAULT, '5f2c632c-1003-5d3e-94f5-6085899aa359', '2020-07-27', DEFAULT, 91, DEFAULT, DEFAULT), (462, DEFAULT, 'Update website content', 'Write detailed test cases for the QA team to execute', DEFAULT, '5f2c632c-1003-5d3e-94f5-6085899aa359', '2020-09-25', DEFAULT, 91, DEFAULT, DEFAULT), (463, DEFAULT, 'Design promotional materials', 'Write a detailed user guide for the new software release', DEFAULT, '5f2c632c-1003-5d3e-94f5-6085899aa359', '2020-01-09', DEFAULT, 91, DEFAULT, DEFAULT), (464, DEFAULT, 'Submit expense report', 'Conduct user testing sessions for the mobile app redesign', DEFAULT, '5f2c632c-1003-5d3e-94f5-6085899aa359', '2020-06-02', DEFAULT, 91, DEFAULT, DEFAULT), (465, DEFAULT, 'Design promotional materials', 'Review and update the project timeline based on the new requirements', DEFAULT, '5f2c632c-1003-5d3e-94f5-6085899aa359', '2020-10-22', DEFAULT, 92, DEFAULT, DEFAULT), (466, DEFAULT, 'Submit expense report', 'Research industry trends to prepare a market analysis report', DEFAULT, '5f2c632c-1003-5d3e-94f5-6085899aa359', '2020-03-19', DEFAULT, 92, DEFAULT, DEFAULT), (467, DEFAULT, 'Create social media calendar', 'Review and update the project timeline based on the new requirements', DEFAULT, '5f2c632c-1003-5d3e-94f5-6085899aa359', '2020-12-17', DEFAULT, 92, DEFAULT, DEFAULT), (468, DEFAULT, 'Research new marketing strategies', 'Write a detailed user guide for the new software release', DEFAULT, '5f2c632c-1003-5d3e-94f5-6085899aa359', '2020-04-04', DEFAULT, 92, DEFAULT, DEFAULT), (469, DEFAULT, 'Train new employee', 'Coordinate logistics for the offsite team retreat', DEFAULT, '5f2c632c-1003-5d3e-94f5-6085899aa359', '2020-09-17', DEFAULT, 92, DEFAULT, DEFAULT), (470, DEFAULT, 'Brainstorm ideas for product launch', 'Collaborate with the marketing team to finalize the promotional campaign', DEFAULT, '5f2c632c-1003-5d3e-94f5-6085899aa359', '2020-05-01', DEFAULT, 93, DEFAULT, DEFAULT), (471, DEFAULT, 'Prepare for quarterly review', 'Prepare a presentation on the latest product features for the team meeting', DEFAULT, '5f2c632c-1003-5d3e-94f5-6085899aa359', '2020-07-07', DEFAULT, 93, DEFAULT, DEFAULT), (472, DEFAULT, 'Review feedback from customer surveys', 'Coordinate logistics for the offsite team retreat', DEFAULT, '5f2c632c-1003-5d3e-94f5-6085899aa359', '2020-02-22', DEFAULT, 93, DEFAULT, DEFAULT), (473, DEFAULT, 'Research new marketing strategies', 'Create wireframes for the website redesign project', DEFAULT, '5f2c632c-1003-5d3e-94f5-6085899aa359', '2020-03-03', DEFAULT, 93, DEFAULT, DEFAULT), (474, DEFAULT, 'Attend networking event', 'Conduct user testing sessions for the mobile app redesign', DEFAULT, '5f2c632c-1003-5d3e-94f5-6085899aa359', '2020-04-28', DEFAULT, 93, DEFAULT, DEFAULT), (475, DEFAULT, 'Volunteer at local charity event', 'Conduct user testing sessions for the mobile app redesign', DEFAULT, '5f2c632c-1003-5d3e-94f5-6085899aa359', '2020-08-08', DEFAULT, 94, DEFAULT, DEFAULT), (476, DEFAULT, 'Brainstorm ideas for product launch', 'Compile a list of potential vendors for the procurement department', DEFAULT, '5f2c632c-1003-5d3e-94f5-6085899aa359', '2020-06-14', DEFAULT, 94, DEFAULT, DEFAULT), (477, DEFAULT, 'Plan team-building activity', 'Develop a social media strategy for the upcoming product launch', DEFAULT, '5f2c632c-1003-5d3e-94f5-6085899aa359', '2020-09-09', DEFAULT, 94, DEFAULT, DEFAULT), (478, DEFAULT, 'Organize files and folders', 'Coordinate with the design team to incorporate feedback on the prototype', DEFAULT, '5f2c632c-1003-5d3e-94f5-6085899aa359', '2020-10-26', DEFAULT, 94, DEFAULT, DEFAULT), (479, DEFAULT, 'Research new marketing strategies', 'Draft a proposal for the client presentation next week', DEFAULT, '5f2c632c-1003-5d3e-94f5-6085899aa359', '2020-07-11', DEFAULT, 94, DEFAULT, DEFAULT), (480, DEFAULT, 'Organize files and folders', 'Compile a list of potential vendors for the procurement department', DEFAULT, '5f2c632c-1003-5d3e-94f5-6085899aa359', '2020-03-03', DEFAULT, 95, DEFAULT, DEFAULT), (481, DEFAULT, 'Brainstorm ideas for product launch', 'Create wireframes for the website redesign project', DEFAULT, '5f2c632c-1003-5d3e-94f5-6085899aa359', '2020-06-06', DEFAULT, 95, DEFAULT, DEFAULT), (482, DEFAULT, 'Plan team-building activity', 'Organize a brainstorming session to generate ideas for the upcoming project', DEFAULT, '5f2c632c-1003-5d3e-94f5-6085899aa359', '2020-11-23', DEFAULT, 95, DEFAULT, DEFAULT), (483, DEFAULT, 'Attend networking event', 'Schedule and facilitate a team-building activity for the department', DEFAULT, '5f2c632c-1003-5d3e-94f5-6085899aa359', '2020-02-18', DEFAULT, 95, DEFAULT, DEFAULT), (484, DEFAULT, 'Renew gym membership', 'Test the new software build for compatibility issues', DEFAULT, '5f2c632c-1003-5d3e-94f5-6085899aa359', '2020-02-14', DEFAULT, 95, DEFAULT, DEFAULT), (485, DEFAULT, 'Organize files and folders', 'Organize a brainstorming session to generate ideas for the upcoming project', DEFAULT, '71c8f57c-aae5-5ac8-8fc0-a1ff399b17b8', '2020-07-15', DEFAULT, 96, DEFAULT, DEFAULT), (486, DEFAULT, 'Design promotional materials', 'Complete the market research report by Friday afternoon', DEFAULT, '71c8f57c-aae5-5ac8-8fc0-a1ff399b17b8', '2020-04-20', DEFAULT, 96, DEFAULT, DEFAULT), (487, DEFAULT, 'Implement software update', 'Coordinate with the design team to incorporate feedback on the prototype', DEFAULT, '71c8f57c-aae5-5ac8-8fc0-a1ff399b17b8', '2020-05-25', DEFAULT, 96, DEFAULT, DEFAULT), (488, DEFAULT, 'Write monthly progress report', 'Conduct user testing sessions for the mobile app redesign', DEFAULT, '71c8f57c-aae5-5ac8-8fc0-a1ff399b17b8', '2020-09-25', DEFAULT, 96, DEFAULT, DEFAULT), (489, DEFAULT, 'Schedule meeting with team', 'Draft a proposal for the client presentation next week', DEFAULT, '71c8f57c-aae5-5ac8-8fc0-a1ff399b17b8', '2020-05-17', DEFAULT, 96, DEFAULT, DEFAULT), (490, DEFAULT, 'Create social media calendar', 'Test the new software build for compatibility issues', DEFAULT, '71c8f57c-aae5-5ac8-8fc0-a1ff399b17b8', '2020-06-06', DEFAULT, 97, DEFAULT, DEFAULT), (491, DEFAULT, 'Volunteer at local charity event', 'Compile a list of potential vendors for the procurement department', DEFAULT, '71c8f57c-aae5-5ac8-8fc0-a1ff399b17b8', '2020-12-28', DEFAULT, 97, DEFAULT, DEFAULT), (492, DEFAULT, 'Schedule meeting with team', 'Analyze the financial data to identify cost-saving opportunities', DEFAULT, '71c8f57c-aae5-5ac8-8fc0-a1ff399b17b8', '2020-04-16', DEFAULT, 97, DEFAULT, DEFAULT), (493, DEFAULT, 'Volunteer at local charity event', 'Review and edit the draft press release before distribution', DEFAULT, '71c8f57c-aae5-5ac8-8fc0-a1ff399b17b8', '2020-08-04', DEFAULT, 97, DEFAULT, DEFAULT), (494, DEFAULT, 'Design promotional materials', 'Test the new software build for compatibility issues', DEFAULT, '71c8f57c-aae5-5ac8-8fc0-a1ff399b17b8', '2020-07-07', DEFAULT, 97, DEFAULT, DEFAULT), (495, DEFAULT, 'Attend networking event', 'Coordinate with the design team to incorporate feedback on the prototype', DEFAULT, '71c8f57c-aae5-5ac8-8fc0-a1ff399b17b8', '2020-10-02', DEFAULT, 98, DEFAULT, DEFAULT), (496, DEFAULT, 'Submit expense report', 'Conduct a training session on the new software features for employees', DEFAULT, '71c8f57c-aae5-5ac8-8fc0-a1ff399b17b8', '2020-12-04', DEFAULT, 98, DEFAULT, DEFAULT), (497, DEFAULT, 'Volunteer at local charity event', 'Prepare a presentation on the latest product features for the team meeting', DEFAULT, '71c8f57c-aae5-5ac8-8fc0-a1ff399b17b8', '2020-05-09', DEFAULT, 98, DEFAULT, DEFAULT), (498, DEFAULT, 'Research new marketing strategies', 'Coordinate with the design team to incorporate feedback on the prototype', DEFAULT, '71c8f57c-aae5-5ac8-8fc0-a1ff399b17b8', '2020-05-25', DEFAULT, 98, DEFAULT, DEFAULT), (499, DEFAULT, 'Volunteer at local charity event', 'Review and update the project timeline based on the new requirements', DEFAULT, '71c8f57c-aae5-5ac8-8fc0-a1ff399b17b8', '2020-12-28', DEFAULT, 98, DEFAULT, DEFAULT), (500, DEFAULT, 'Design promotional materials', 'Compile a list of potential vendors for the procurement department', DEFAULT, '71c8f57c-aae5-5ac8-8fc0-a1ff399b17b8', '2020-05-25', DEFAULT, 99, DEFAULT, DEFAULT), (501, DEFAULT, 'Train new employee', 'Organize a brainstorming session to generate ideas for the upcoming project', DEFAULT, '71c8f57c-aae5-5ac8-8fc0-a1ff399b17b8', '2020-04-12', DEFAULT, 99, DEFAULT, DEFAULT), (502, DEFAULT, 'Design promotional materials', 'Organize a brainstorming session to generate ideas for the upcoming project', DEFAULT, '71c8f57c-aae5-5ac8-8fc0-a1ff399b17b8', '2020-06-02', DEFAULT, 99, DEFAULT, DEFAULT), (503, DEFAULT, 'Volunteer at local charity event', 'Review and update the project timeline based on the new requirements', DEFAULT, '71c8f57c-aae5-5ac8-8fc0-a1ff399b17b8', '2020-03-15', DEFAULT, 99, DEFAULT, DEFAULT), (504, DEFAULT, 'Complete project presentation', 'Conduct user testing sessions for the mobile app redesign', DEFAULT, '71c8f57c-aae5-5ac8-8fc0-a1ff399b17b8', '2020-11-11', DEFAULT, 99, DEFAULT, DEFAULT), (505, DEFAULT, 'Schedule meeting with team', 'Conduct user testing sessions for the mobile app redesign', DEFAULT, '71c8f57c-aae5-5ac8-8fc0-a1ff399b17b8', '2020-10-14', DEFAULT, 100, DEFAULT, DEFAULT), (506, DEFAULT, 'Buy groceries', 'Analyze the financial data to identify cost-saving opportunities', DEFAULT, '71c8f57c-aae5-5ac8-8fc0-a1ff399b17b8', '2020-04-20', DEFAULT, 100, DEFAULT, DEFAULT), (507, DEFAULT, 'Design promotional materials', 'Write a detailed user guide for the new software release', DEFAULT, '71c8f57c-aae5-5ac8-8fc0-a1ff399b17b8', '2020-01-25', DEFAULT, 100, DEFAULT, DEFAULT), (508, DEFAULT, 'Review feedback from customer surveys', 'Draft a proposal for the client presentation next week', DEFAULT, '71c8f57c-aae5-5ac8-8fc0-a1ff399b17b8', '2020-06-02', DEFAULT, 100, DEFAULT, DEFAULT), (509, DEFAULT, 'Write monthly progress report', 'Coordinate with the design team to incorporate feedback on the prototype', DEFAULT, '71c8f57c-aae5-5ac8-8fc0-a1ff399b17b8', '2020-07-27', DEFAULT, 100, DEFAULT, DEFAULT);
INSERT INTO public.sub_tasks (id,created_at,task_id,title,date) VALUES (1879, DEFAULT, NULL, 'Integrate payment gateway into the application', '2020-06-26'), (1880, DEFAULT, NULL, 'Perform regression testing on module A', '2020-03-15'), (1881, DEFAULT, NULL, 'Review design mockups for mobile app', '2020-05-01'), (1882, DEFAULT, NULL, 'Document deployment procedures for DevOps team', '2020-04-28'), (1883, DEFAULT, NULL, 'Develop unit tests for critical functions', '2020-04-08'), (1884, DEFAULT, NULL, 'Run security scans on the server', '2020-08-08'), (1885, DEFAULT, NULL, 'Prepare presentation slides for team meeting', '2020-04-12'), (1886, DEFAULT, NULL, 'Coordinate with external vendors for hardware delivery', '2020-04-20'), (1887, DEFAULT, NULL, 'Perform regression testing on module A', '2020-07-19'), (1888, DEFAULT, NULL, 'Run security scans on the server', '2020-11-15'), (1889, DEFAULT, NULL, 'Coordinate with external vendors for hardware delivery', '2020-11-27'), (1890, DEFAULT, NULL, 'Review design mockups for mobile app', '2020-03-07'), (1891, DEFAULT, NULL, 'Refactor CSS stylesheets for better organization', '2020-01-21'), (1892, DEFAULT, NULL, 'Run security scans on the server', '2020-05-25'), (1893, DEFAULT, NULL, 'Write documentation for API endpoints', '2020-04-24'), (1894, DEFAULT, NULL, 'Conduct user research interviews', '2020-10-02'), (1895, DEFAULT, NULL, 'Research best practices for accessibility compliance', '2020-09-01'), (1896, DEFAULT, NULL, 'Integrate payment gateway into the application', '2020-05-05'), (1897, DEFAULT, NULL, 'Refactor CSS stylesheets for better organization', '2020-04-12'), (1898, DEFAULT, NULL, 'Optimize database queries for performance', '2020-11-15'), (1899, DEFAULT, NULL, 'Prepare presentation slides for team meeting', '2020-07-03'), (1900, DEFAULT, NULL, 'Document deployment procedures for DevOps team', '2020-09-17'), (1901, DEFAULT, NULL, 'Document deployment procedures for DevOps team', '2020-10-14'), (1902, DEFAULT, NULL, 'Coordinate with external vendors for hardware delivery', '2020-04-24'), (1903, DEFAULT, NULL, 'Integrate payment gateway into the application', '2020-12-12'), (1904, DEFAULT, NULL, 'Code review for feature XYZ', '2020-09-17'), (1905, DEFAULT, NULL, 'Coordinate with external vendors for hardware delivery', '2020-02-26'), (1906, DEFAULT, NULL, 'Perform regression testing on module A', '2020-11-15'), (1907, DEFAULT, NULL, 'Organize team building event for department', '2020-07-23'), (1908, DEFAULT, NULL, 'Research best practices for accessibility compliance', '2020-12-20'), (1909, DEFAULT, NULL, 'Research best practices for accessibility compliance', '2020-05-21'), (1910, DEFAULT, NULL, 'Troubleshoot data synchronization issues', '2020-12-28'), (1911, DEFAULT, NULL, 'Organize team building event for department', '2020-03-23'), (1912, DEFAULT, NULL, 'Document deployment procedures for DevOps team', '2020-10-14'), (1913, DEFAULT, NULL, 'Conduct user research interviews', '2020-06-06'), (1914, DEFAULT, NULL, 'Develop unit tests for critical functions', '2020-12-24'), (1915, DEFAULT, NULL, 'Troubleshoot data synchronization issues', '2020-04-04'), (1916, DEFAULT, NULL, 'Troubleshoot data synchronization issues', '2020-09-21'), (1917, DEFAULT, NULL, 'Conduct user research interviews', '2020-07-23'), (1918, DEFAULT, NULL, 'Document deployment procedures for DevOps team', '2020-11-11'), (1919, DEFAULT, NULL, 'Review design mockups for mobile app', '2020-08-04'), (1920, DEFAULT, NULL, 'Conduct user research interviews', '2020-11-19'), (1921, DEFAULT, NULL, 'Develop unit tests for critical functions', '2020-09-09'), (1922, DEFAULT, NULL, 'Coordinate with external vendors for hardware delivery', '2020-03-11'), (1923, DEFAULT, NULL, 'Develop unit tests for critical functions', '2020-01-05'), (1924, DEFAULT, NULL, 'Code review for feature XYZ', '2020-01-25'), (1925, DEFAULT, NULL, 'Design wireframes for homepage', '2020-03-11'), (1926, DEFAULT, NULL, 'Write documentation for API endpoints', '2020-02-14'), (1927, DEFAULT, NULL, 'Research best practices for accessibility compliance', '2020-02-10'), (1928, DEFAULT, NULL, 'Research best practices for accessibility compliance', '2020-06-06'), (1929, DEFAULT, NULL, 'Troubleshoot data synchronization issues', '2020-12-16'), (1930, DEFAULT, NULL, 'Organize team building event for department', '2020-12-04'), (1931, DEFAULT, NULL, 'Document deployment procedures for DevOps team', '2020-03-03'), (1932, DEFAULT, NULL, 'Review design mockups for mobile app', '2020-11-07'), (1933, DEFAULT, NULL, 'Troubleshoot data synchronization issues', '2020-07-11'), (1934, DEFAULT, NULL, 'Develop unit tests for critical functions', '2020-11-07'), (1935, DEFAULT, NULL, 'Prepare presentation slides for team meeting', '2020-11-15'), (1936, DEFAULT, NULL, 'Implement new error handling logic', '2020-04-28'), (1937, DEFAULT, NULL, 'Code review for feature XYZ', '2020-11-23'), (1938, DEFAULT, NULL, 'Write documentation for API endpoints', '2020-01-01'), (1939, DEFAULT, NULL, 'Coordinate with external vendors for hardware delivery', '2020-03-27'), (1940, DEFAULT, NULL, 'Run security scans on the server', '2020-03-11'), (1941, DEFAULT, NULL, 'Optimize database queries for performance', '2020-09-05'), (1942, DEFAULT, NULL, 'Troubleshoot data synchronization issues', '2020-04-28'), (1943, DEFAULT, NULL, 'Integrate payment gateway into the application', '2020-09-13'), (1944, DEFAULT, NULL, 'Document deployment procedures for DevOps team', '2020-11-23'), (1945, DEFAULT, NULL, 'Validate user inputs on form submission', '2020-02-18'), (1946, DEFAULT, NULL, 'Document deployment procedures for DevOps team', '2020-11-07'), (1947, DEFAULT, NULL, 'Prepare presentation slides for team meeting', '2020-01-17'), (1948, DEFAULT, NULL, 'Develop unit tests for critical functions', '2020-08-16'), (1949, DEFAULT, NULL, 'Coordinate with external vendors for hardware delivery', '2020-02-10'), (1950, DEFAULT, NULL, 'Run security scans on the server', '2020-09-09'), (1951, DEFAULT, NULL, 'Implement new error handling logic', '2020-04-24'), (1952, DEFAULT, NULL, 'Write documentation for API endpoints', '2020-12-24'), (1953, DEFAULT, NULL, 'Code review for feature XYZ', '2020-08-04'), (1954, DEFAULT, NULL, 'Organize team building event for department', '2020-08-24'), (1955, DEFAULT, NULL, 'Code review for feature XYZ', '2020-03-07'), (1956, DEFAULT, NULL, 'Implement new error handling logic', '2020-11-23'), (1957, DEFAULT, NULL, 'Refactor CSS stylesheets for better organization', '2020-06-10'), (1958, DEFAULT, NULL, 'Refactor CSS stylesheets for better organization', '2020-12-08'), (1959, DEFAULT, NULL, 'Perform regression testing on module A', '2020-03-07'), (1960, DEFAULT, NULL, 'Code review for feature XYZ', '2020-09-17'), (1961, DEFAULT, NULL, 'Run security scans on the server', '2020-10-22'), (1962, DEFAULT, NULL, 'Document deployment procedures for DevOps team', '2020-01-09'), (1963, DEFAULT, NULL, 'Write documentation for API endpoints', '2020-01-01'), (1964, DEFAULT, NULL, 'Document deployment procedures for DevOps team', '2020-05-17'), (1965, DEFAULT, NULL, 'Document deployment procedures for DevOps team', '2020-04-04'), (1966, DEFAULT, NULL, 'Troubleshoot data synchronization issues', '2020-04-04'), (1967, DEFAULT, NULL, 'Review design mockups for mobile app', '2020-10-22'), (1968, DEFAULT, NULL, 'Perform regression testing on module A', '2020-07-27'), (1969, DEFAULT, NULL, 'Create test cases for login functionality', '2020-08-04'), (1970, DEFAULT, NULL, 'Design wireframes for homepage', '2020-07-27'), (1971, DEFAULT, NULL, 'Validate user inputs on form submission', '2020-04-16'), (1972, DEFAULT, NULL, 'Prepare presentation slides for team meeting', '2020-01-25'), (1973, DEFAULT, NULL, 'Research best practices for accessibility compliance', '2020-10-02'), (1974, DEFAULT, NULL, 'Code review for feature XYZ', '2020-03-19'), (1975, DEFAULT, NULL, 'Integrate payment gateway into the application', '2020-12-24'), (1976, DEFAULT, NULL, 'Perform regression testing on module A', '2020-03-03'), (1977, DEFAULT, NULL, 'Research best practices for accessibility compliance', '2020-08-16'), (1978, DEFAULT, NULL, 'Troubleshoot data synchronization issues', '2020-11-27'), (1979, DEFAULT, NULL, 'Write documentation for API endpoints', '2020-04-28'), (1980, DEFAULT, NULL, 'Perform regression testing on module A', '2020-04-24'), (1981, DEFAULT, NULL, 'Review design mockups for mobile app', '2020-12-12'), (1982, DEFAULT, NULL, 'Validate user inputs on form submission', '2020-12-04'), (1983, DEFAULT, NULL, 'Integrate payment gateway into the application', '2020-01-01'), (1984, DEFAULT, NULL, 'Perform regression testing on module A', '2020-06-06'), (1985, DEFAULT, NULL, 'Optimize database queries for performance', '2020-01-17'), (1986, DEFAULT, NULL, 'Code review for feature XYZ', '2020-08-08'), (1987, DEFAULT, NULL, 'Prepare presentation slides for team meeting', '2020-12-12'), (1988, DEFAULT, NULL, 'Coordinate with external vendors for hardware delivery', '2020-05-13'), (1989, DEFAULT, NULL, 'Develop unit tests for critical functions', '2020-09-25'), (1990, DEFAULT, NULL, 'Review design mockups for mobile app', '2020-07-19'), (1991, DEFAULT, NULL, 'Prepare presentation slides for team meeting', '2020-04-12'), (1992, DEFAULT, NULL, 'Perform regression testing on module A', '2020-01-13'), (1993, DEFAULT, NULL, 'Research best practices for accessibility compliance', '2020-09-13'), (1994, DEFAULT, NULL, 'Integrate payment gateway into the application', '2020-10-06'), (1995, DEFAULT, NULL, 'Optimize database queries for performance', '2020-01-05'), (1996, DEFAULT, NULL, 'Coordinate with external vendors for hardware delivery', '2020-05-21'), (1997, DEFAULT, NULL, 'Perform regression testing on module A', '2020-11-19'), (1998, DEFAULT, NULL, 'Troubleshoot data synchronization issues', '2020-05-05'), (1999, DEFAULT, NULL, 'Prepare presentation slides for team meeting', '2020-05-25'), (2000, DEFAULT, NULL, 'Create test cases for login functionality', '2020-01-17'), (2001, DEFAULT, NULL, 'Coordinate with external vendors for hardware delivery', '2020-11-11'), (2002, DEFAULT, NULL, 'Optimize database queries for performance', '2020-12-24'), (2003, DEFAULT, NULL, 'Code review for feature XYZ', '2020-11-19'), (2004, DEFAULT, NULL, 'Prepare presentation slides for team meeting', '2020-09-01'), (2005, DEFAULT, NULL, 'Coordinate with external vendors for hardware delivery', '2020-08-08'), (2006, DEFAULT, NULL, 'Create test cases for login functionality', '2020-03-03'), (2007, DEFAULT, NULL, 'Validate user inputs on form submission', '2020-05-17'), (2008, DEFAULT, NULL, 'Document deployment procedures for DevOps team', '2020-12-04'), (2009, DEFAULT, NULL, 'Optimize database queries for performance', '2020-06-06'), (2010, DEFAULT, NULL, 'Implement new error handling logic', '2020-11-27'), (2011, DEFAULT, NULL, 'Research best practices for accessibility compliance', '2020-10-22'), (2012, DEFAULT, NULL, 'Coordinate with external vendors for hardware delivery', '2020-12-12'), (2013, DEFAULT, NULL, 'Optimize database queries for performance', '2020-12-24'), (2014, DEFAULT, NULL, 'Research best practices for accessibility compliance', '2020-02-06'), (2015, DEFAULT, NULL, 'Perform regression testing on module A', '2020-01-09'), (2016, DEFAULT, NULL, 'Prepare presentation slides for team meeting', '2020-10-22'), (2017, DEFAULT, NULL, 'Run security scans on the server', '2020-09-13'), (2018, DEFAULT, NULL, 'Prepare presentation slides for team meeting', '2020-01-17'), (2019, DEFAULT, NULL, 'Review design mockups for mobile app', '2020-05-17'), (2020, DEFAULT, NULL, 'Integrate payment gateway into the application', '2020-07-27'), (2021, DEFAULT, NULL, 'Refactor CSS stylesheets for better organization', '2020-07-27'), (2022, DEFAULT, NULL, 'Implement new error handling logic', '2020-05-05'), (2023, DEFAULT, NULL, 'Implement new error handling logic', '2020-06-06'), (2024, DEFAULT, NULL, 'Organize team building event for department', '2020-05-21'), (2025, DEFAULT, NULL, 'Design wireframes for homepage', '2020-01-13'), (2026, DEFAULT, NULL, 'Create test cases for login functionality', '2020-05-05'), (2027, DEFAULT, NULL, 'Optimize database queries for performance', '2020-02-22'), (2028, DEFAULT, NULL, 'Implement new error handling logic', '2020-06-18'), (2029, DEFAULT, NULL, 'Research best practices for accessibility compliance', '2020-12-28'), (2030, DEFAULT, NULL, 'Run security scans on the server', '2020-11-15'), (2031, DEFAULT, NULL, 'Validate user inputs on form submission', '2020-10-10'), (2032, DEFAULT, NULL, 'Research best practices for accessibility compliance', '2020-07-11'), (2033, DEFAULT, NULL, 'Validate user inputs on form submission', '2020-10-26'), (2034, DEFAULT, NULL, 'Run security scans on the server', '2020-01-13'), (2035, DEFAULT, NULL, 'Document deployment procedures for DevOps team', '2020-12-13'), (2036, DEFAULT, NULL, 'Develop unit tests for critical functions', '2020-11-11'), (2037, DEFAULT, NULL, 'Run security scans on the server', '2020-12-16'), (2038, DEFAULT, NULL, 'Research best practices for accessibility compliance', '2020-08-16'), (2039, DEFAULT, NULL, 'Validate user inputs on form submission', '2020-12-24'), (2040, DEFAULT, NULL, 'Validate user inputs on form submission', '2020-05-13'), (2041, DEFAULT, NULL, 'Optimize database queries for performance', '2020-06-02'), (2042, DEFAULT, NULL, 'Perform regression testing on module A', '2020-10-18'), (2043, DEFAULT, NULL, 'Run security scans on the server', '2020-04-16'), (2044, DEFAULT, NULL, 'Research best practices for accessibility compliance', '2020-08-28'), (2045, DEFAULT, NULL, 'Validate user inputs on form submission', '2020-12-20'), (2046, DEFAULT, NULL, 'Conduct user research interviews', '2020-11-03'), (2047, DEFAULT, NULL, 'Optimize database queries for performance', '2020-05-21'), (2048, DEFAULT, NULL, 'Code review for feature XYZ', '2020-09-05'), (2049, DEFAULT, NULL, 'Run security scans on the server', '2020-08-20'), (2050, DEFAULT, NULL, 'Code review for feature XYZ', '2020-02-02'), (2051, DEFAULT, NULL, 'Design wireframes for homepage', '2020-08-12'), (2052, DEFAULT, NULL, 'Run security scans on the server', '2020-05-09'), (2053, DEFAULT, NULL, 'Develop unit tests for critical functions', '2020-02-06'), (2054, DEFAULT, NULL, 'Code review for feature XYZ', '2020-02-14'), (2055, DEFAULT, NULL, 'Perform regression testing on module A', '2020-11-03'), (2056, DEFAULT, NULL, 'Coordinate with external vendors for hardware delivery', '2020-04-28'), (2057, DEFAULT, NULL, 'Implement new error handling logic', '2020-07-27'), (2058, DEFAULT, NULL, 'Refactor CSS stylesheets for better organization', '2020-01-25'), (2059, DEFAULT, NULL, 'Implement new error handling logic', '2020-09-09'), (2060, DEFAULT, NULL, 'Implement new error handling logic', '2020-09-21'), (2061, DEFAULT, NULL, 'Perform regression testing on module A', '2020-09-01'), (2062, DEFAULT, NULL, 'Refactor CSS stylesheets for better organization', '2020-03-19'), (2063, DEFAULT, NULL, 'Develop unit tests for critical functions', '2020-10-18'), (2064, DEFAULT, NULL, 'Validate user inputs on form submission', '2020-06-14'), (2065, DEFAULT, NULL, 'Design wireframes for homepage', '2020-06-06'), (2066, DEFAULT, NULL, 'Code review for feature XYZ', '2020-12-20'), (2067, DEFAULT, NULL, 'Troubleshoot data synchronization issues', '2020-01-17'), (2068, DEFAULT, NULL, 'Document deployment procedures for DevOps team', '2020-10-26'), (2069, DEFAULT, NULL, 'Validate user inputs on form submission', '2020-01-13'), (2070, DEFAULT, NULL, 'Review design mockups for mobile app', '2020-12-12'), (2071, DEFAULT, NULL, 'Integrate payment gateway into the application', '2020-12-08'), (2072, DEFAULT, NULL, 'Optimize database queries for performance', '2020-12-28'), (2073, DEFAULT, NULL, 'Document deployment procedures for DevOps team', '2020-03-11'), (2074, DEFAULT, NULL, 'Prepare presentation slides for team meeting', '2020-09-21'), (2075, DEFAULT, NULL, 'Perform regression testing on module A', '2020-04-16'), (2076, DEFAULT, NULL, 'Refactor CSS stylesheets for better organization', '2020-12-24'), (2077, DEFAULT, NULL, 'Coordinate with external vendors for hardware delivery', '2020-02-18'), (2078, DEFAULT, NULL, 'Code review for feature XYZ', '2020-03-19'), (2079, DEFAULT, NULL, 'Implement new error handling logic', '2020-07-03'), (2080, DEFAULT, NULL, 'Validate user inputs on form submission', '2020-05-25'), (2081, DEFAULT, NULL, 'Create test cases for login functionality', '2020-07-23'), (2082, DEFAULT, NULL, 'Prepare presentation slides for team meeting', '2020-05-25'), (2083, DEFAULT, NULL, 'Conduct user research interviews', '2020-02-14'), (2084, DEFAULT, NULL, 'Run security scans on the server', '2020-04-12'), (2085, DEFAULT, NULL, 'Create test cases for login functionality', '2020-07-27'), (2086, DEFAULT, NULL, 'Organize team building event for department', '2020-06-14'), (2087, DEFAULT, NULL, 'Refactor CSS stylesheets for better organization', '2020-03-07'), (2088, DEFAULT, NULL, 'Implement new error handling logic', '2020-01-25'), (2089, DEFAULT, NULL, 'Validate user inputs on form submission', '2020-09-01'), (2090, DEFAULT, NULL, 'Troubleshoot data synchronization issues', '2020-03-03'), (2091, DEFAULT, NULL, 'Organize team building event for department', '2020-05-13'), (2092, DEFAULT, NULL, 'Refactor CSS stylesheets for better organization', '2020-02-06'), (2093, DEFAULT, NULL, 'Integrate payment gateway into the application', '2020-04-20'), (2094, DEFAULT, NULL, 'Validate user inputs on form submission', '2020-08-24'), (2095, DEFAULT, NULL, 'Perform regression testing on module A', '2020-08-28'), (2096, DEFAULT, NULL, 'Troubleshoot data synchronization issues', '2020-12-04'), (2097, DEFAULT, NULL, 'Perform regression testing on module A', '2020-04-28'), (2098, DEFAULT, NULL, 'Code review for feature XYZ', '2020-08-08'), (2099, DEFAULT, NULL, 'Refactor CSS stylesheets for better organization', '2020-10-02'), (2100, DEFAULT, NULL, 'Organize team building event for department', '2020-01-21'), (2101, DEFAULT, NULL, 'Optimize database queries for performance', '2020-03-03'), (2102, DEFAULT, NULL, 'Implement new error handling logic', '2020-09-25'), (2103, DEFAULT, NULL, 'Document deployment procedures for DevOps team', '2020-05-13'), (2104, DEFAULT, NULL, 'Perform regression testing on module A', '2020-08-12'), (2105, DEFAULT, NULL, 'Prepare presentation slides for team meeting', '2020-02-14'), (2106, DEFAULT, NULL, 'Design wireframes for homepage', '2020-07-03'), (2107, DEFAULT, NULL, 'Create test cases for login functionality', '2020-02-10'), (2108, DEFAULT, NULL, 'Develop unit tests for critical functions', '2020-02-18'), (2109, DEFAULT, NULL, 'Optimize database queries for performance', '2020-12-04'), (2110, DEFAULT, NULL, 'Organize team building event for department', '2020-07-07'), (2111, DEFAULT, NULL, 'Organize team building event for department', '2020-11-07'), (2112, DEFAULT, NULL, 'Optimize database queries for performance', '2020-03-27'), (2113, DEFAULT, NULL, 'Organize team building event for department', '2020-07-03'), (2114, DEFAULT, NULL, 'Validate user inputs on form submission', '2020-05-25'), (2115, DEFAULT, NULL, 'Write documentation for API endpoints', '2020-05-13'), (2116, DEFAULT, NULL, 'Research best practices for accessibility compliance', '2020-05-01'), (2117, DEFAULT, NULL, 'Organize team building event for department', '2020-11-03'), (2118, DEFAULT, NULL, 'Write documentation for API endpoints', '2020-07-19'), (2119, DEFAULT, NULL, 'Coordinate with external vendors for hardware delivery', '2020-01-01'), (2120, DEFAULT, NULL, 'Optimize database queries for performance', '2020-10-18'), (2121, DEFAULT, NULL, 'Conduct user research interviews', '2020-10-10'), (2122, DEFAULT, NULL, 'Review design mockups for mobile app', '2020-11-03'), (2123, DEFAULT, NULL, 'Validate user inputs on form submission', '2020-12-28'), (2124, DEFAULT, NULL, 'Validate user inputs on form submission', '2020-11-23'), (2125, DEFAULT, NULL, 'Review design mockups for mobile app', '2020-12-24'), (2126, DEFAULT, NULL, 'Integrate payment gateway into the application', '2020-07-07'), (2127, DEFAULT, NULL, 'Run security scans on the server', '2020-12-05'), (2128, DEFAULT, NULL, 'Create test cases for login functionality', '2020-12-04'), (2129, DEFAULT, NULL, 'Validate user inputs on form submission', '2020-03-07'), (2130, DEFAULT, NULL, 'Research best practices for accessibility compliance', '2020-03-27'), (2131, DEFAULT, NULL, 'Coordinate with external vendors for hardware delivery', '2020-11-27'), (2132, DEFAULT, NULL, 'Create test cases for login functionality', '2020-01-09'), (2133, DEFAULT, NULL, 'Conduct user research interviews', '2020-05-17'), (2134, DEFAULT, NULL, 'Run security scans on the server', '2020-05-05'), (2135, DEFAULT, NULL, 'Research best practices for accessibility compliance', '2020-03-15'), (2136, DEFAULT, NULL, 'Organize team building event for department', '2020-06-18'), (2137, DEFAULT, NULL, 'Design wireframes for homepage', '2020-06-10'), (2138, DEFAULT, NULL, 'Develop unit tests for critical functions', '2020-07-07'), (2139, DEFAULT, NULL, 'Refactor CSS stylesheets for better organization', '2020-05-05'), (2140, DEFAULT, NULL, 'Write documentation for API endpoints', '2020-10-06'), (2141, DEFAULT, NULL, 'Research best practices for accessibility compliance', '2020-02-14'), (2142, DEFAULT, NULL, 'Write documentation for API endpoints', '2020-06-14'), (2143, DEFAULT, NULL, 'Create test cases for login functionality', '2020-03-03'), (2144, DEFAULT, NULL, 'Conduct user research interviews', '2020-05-13'), (2145, DEFAULT, NULL, 'Create test cases for login functionality', '2020-09-21'), (2146, DEFAULT, NULL, 'Prepare presentation slides for team meeting', '2020-05-09'), (2147, DEFAULT, NULL, 'Run security scans on the server', '2020-01-17'), (2148, DEFAULT, NULL, 'Prepare presentation slides for team meeting', '2020-04-24'), (2149, DEFAULT, NULL, 'Research best practices for accessibility compliance', '2020-08-20'), (2150, DEFAULT, NULL, 'Develop unit tests for critical functions', '2020-06-22'), (2151, DEFAULT, NULL, 'Document deployment procedures for DevOps team', '2020-11-03'), (2152, DEFAULT, NULL, 'Review design mockups for mobile app', '2020-12-20'), (2153, DEFAULT, NULL, 'Write documentation for API endpoints', '2020-04-04'), (2154, DEFAULT, NULL, 'Perform regression testing on module A', '2020-07-07'), (2155, DEFAULT, NULL, 'Organize team building event for department', '2020-09-25'), (2156, DEFAULT, NULL, 'Organize team building event for department', '2020-09-21'), (2157, DEFAULT, NULL, 'Troubleshoot data synchronization issues', '2020-12-20'), (2158, DEFAULT, NULL, 'Review design mockups for mobile app', '2020-10-06'), (2159, DEFAULT, NULL, 'Create test cases for login functionality', '2020-11-27'), (2160, DEFAULT, NULL, 'Research best practices for accessibility compliance', '2020-08-20'), (2161, DEFAULT, NULL, 'Run security scans on the server', '2020-02-22'), (2162, DEFAULT, NULL, 'Troubleshoot data synchronization issues', '2020-02-02'), (2163, DEFAULT, NULL, 'Write documentation for API endpoints', '2020-03-11'), (2164, DEFAULT, NULL, 'Prepare presentation slides for team meeting', '2020-05-09'), (2165, DEFAULT, NULL, 'Document deployment procedures for DevOps team', '2020-01-05'), (2166, DEFAULT, NULL, 'Troubleshoot data synchronization issues', '2020-03-19'), (2167, DEFAULT, NULL, 'Document deployment procedures for DevOps team', '2020-08-28'), (2168, DEFAULT, NULL, 'Implement new error handling logic', '2020-03-07'), (2169, DEFAULT, NULL, 'Review design mockups for mobile app', '2020-11-03'), (2170, DEFAULT, NULL, 'Code review for feature XYZ', '2020-08-24'), (2171, DEFAULT, NULL, 'Review design mockups for mobile app', '2020-07-27'), (2172, DEFAULT, NULL, 'Troubleshoot data synchronization issues', '2020-05-21'), (2173, DEFAULT, NULL, 'Prepare presentation slides for team meeting', '2020-12-20'), (2174, DEFAULT, NULL, 'Document deployment procedures for DevOps team', '2020-09-09'), (2175, DEFAULT, NULL, 'Optimize database queries for performance', '2020-12-25'), (2176, DEFAULT, NULL, 'Optimize database queries for performance', '2020-01-13'), (2177, DEFAULT, NULL, 'Validate user inputs on form submission', '2020-02-10'), (2178, DEFAULT, NULL, 'Refactor CSS stylesheets for better organization', '2020-04-16'), (2179, DEFAULT, NULL, 'Perform regression testing on module A', '2020-11-11'), (2180, DEFAULT, NULL, 'Validate user inputs on form submission', '2020-09-25'), (2181, DEFAULT, NULL, 'Run security scans on the server', '2020-07-03'), (2182, DEFAULT, NULL, 'Design wireframes for homepage', '2020-11-07'), (2183, DEFAULT, NULL, 'Develop unit tests for critical functions', '2020-12-12'), (2184, DEFAULT, NULL, 'Integrate payment gateway into the application', '2020-03-03'), (2185, DEFAULT, NULL, 'Validate user inputs on form submission', '2020-01-09'), (2186, DEFAULT, NULL, 'Write documentation for API endpoints', '2020-12-16'), (2187, DEFAULT, NULL, 'Perform regression testing on module A', '2020-09-05'), (2188, DEFAULT, NULL, 'Refactor CSS stylesheets for better organization', '2020-06-22'), (2189, DEFAULT, NULL, 'Code review for feature XYZ', '2020-08-16'), (2190, DEFAULT, NULL, 'Coordinate with external vendors for hardware delivery', '2020-03-19'), (2191, DEFAULT, NULL, 'Run security scans on the server', '2020-10-14'), (2192, DEFAULT, NULL, 'Develop unit tests for critical functions', '2020-09-05'), (2193, DEFAULT, NULL, 'Refactor CSS stylesheets for better organization', '2020-08-20'), (2194, DEFAULT, NULL, 'Code review for feature XYZ', '2020-04-20'), (2195, DEFAULT, NULL, 'Refactor CSS stylesheets for better organization', '2020-01-21'), (2196, DEFAULT, NULL, 'Coordinate with external vendors for hardware delivery', '2020-08-28'), (2197, DEFAULT, NULL, 'Refactor CSS stylesheets for better organization', '2020-03-19'), (2198, DEFAULT, NULL, 'Organize team building event for department', '2020-07-07'), (2199, DEFAULT, NULL, 'Develop unit tests for critical functions', '2020-06-14'), (2200, DEFAULT, NULL, 'Create test cases for login functionality', '2020-11-07'), (2201, DEFAULT, NULL, 'Perform regression testing on module A', '2020-09-13'), (2202, DEFAULT, NULL, 'Conduct user research interviews', '2020-07-03'), (2203, DEFAULT, NULL, 'Research best practices for accessibility compliance', '2020-10-02'), (2204, DEFAULT, NULL, 'Integrate payment gateway into the application', '2020-09-25'), (2205, DEFAULT, NULL, 'Prepare presentation slides for team meeting', '2020-03-23'), (2206, DEFAULT, NULL, 'Conduct user research interviews', '2020-07-23'), (2207, DEFAULT, NULL, 'Troubleshoot data synchronization issues', '2020-04-28'), (2208, DEFAULT, NULL, 'Troubleshoot data synchronization issues', '2020-10-10'), (2209, DEFAULT, NULL, 'Write documentation for API endpoints', '2020-04-08'), (2210, DEFAULT, NULL, 'Develop unit tests for critical functions', '2020-01-09'), (2211, DEFAULT, NULL, 'Develop unit tests for critical functions', '2020-07-23'), (2212, DEFAULT, NULL, 'Optimize database queries for performance', '2020-10-26'), (2213, DEFAULT, NULL, 'Implement new error handling logic', '2020-12-08'), (2214, DEFAULT, NULL, 'Conduct user research interviews', '2020-03-11'), (2215, DEFAULT, NULL, 'Validate user inputs on form submission', '2020-01-21'), (2216, DEFAULT, NULL, 'Document deployment procedures for DevOps team', '2020-09-01'), (2217, DEFAULT, NULL, 'Write documentation for API endpoints', '2020-01-05'), (2218, DEFAULT, NULL, 'Create test cases for login functionality', '2020-08-24'), (2219, DEFAULT, NULL, 'Troubleshoot data synchronization issues', '2020-02-14'), (2220, DEFAULT, NULL, 'Validate user inputs on form submission', '2020-03-03'), (2221, DEFAULT, NULL, 'Research best practices for accessibility compliance', '2020-07-19'), (2222, DEFAULT, NULL, 'Document deployment procedures for DevOps team', '2020-12-16'), (2223, DEFAULT, NULL, 'Refactor CSS stylesheets for better organization', '2020-06-22'), (2224, DEFAULT, NULL, 'Troubleshoot data synchronization issues', '2020-11-15'), (2225, DEFAULT, NULL, 'Prepare presentation slides for team meeting', '2020-10-18'), (2226, DEFAULT, NULL, 'Review design mockups for mobile app', '2020-05-01'), (2227, DEFAULT, NULL, 'Coordinate with external vendors for hardware delivery', '2020-08-24'), (2228, DEFAULT, NULL, 'Organize team building event for department', '2020-09-13'), (2229, DEFAULT, NULL, 'Organize team building event for department', '2020-08-12'), (2230, DEFAULT, NULL, 'Optimize database queries for performance', '2020-10-02'), (2231, DEFAULT, NULL, 'Create test cases for login functionality', '2020-12-05'), (2232, DEFAULT, NULL, 'Coordinate with external vendors for hardware delivery', '2020-04-12'), (2233, DEFAULT, NULL, 'Research best practices for accessibility compliance', '2020-12-20'), (2234, DEFAULT, NULL, 'Review design mockups for mobile app', '2020-10-26'), (2235, DEFAULT, NULL, 'Research best practices for accessibility compliance', '2020-12-20'), (2236, DEFAULT, NULL, 'Implement new error handling logic', '2020-12-04'), (2237, DEFAULT, NULL, 'Develop unit tests for critical functions', '2020-06-02'), (2238, DEFAULT, NULL, 'Perform regression testing on module A', '2020-11-27'), (2239, DEFAULT, NULL, 'Design wireframes for homepage', '2020-09-25'), (2240, DEFAULT, NULL, 'Create test cases for login functionality', '2020-09-25'), (2241, DEFAULT, NULL, 'Coordinate with external vendors for hardware delivery', '2020-06-06'), (2242, DEFAULT, NULL, 'Code review for feature XYZ', '2020-12-28'), (2243, DEFAULT, NULL, 'Document deployment procedures for DevOps team', '2020-03-23'), (2244, DEFAULT, NULL, 'Write documentation for API endpoints', '2020-11-23'), (2245, DEFAULT, NULL, 'Review design mockups for mobile app', '2020-05-09'), (2246, DEFAULT, NULL, 'Prepare presentation slides for team meeting', '2020-05-13'), (2247, DEFAULT, NULL, 'Review design mockups for mobile app', '2020-06-22'), (2248, DEFAULT, NULL, 'Implement new error handling logic', '2020-11-03'), (2249, DEFAULT, NULL, 'Create test cases for login functionality', '2020-02-18'), (2250, DEFAULT, NULL, 'Refactor CSS stylesheets for better organization', '2020-12-17'), (2251, DEFAULT, NULL, 'Code review for feature XYZ', '2020-02-18'), (2252, DEFAULT, NULL, 'Design wireframes for homepage', '2020-06-22'), (2253, DEFAULT, NULL, 'Refactor CSS stylesheets for better organization', '2020-08-24'), (2254, DEFAULT, NULL, 'Document deployment procedures for DevOps team', '2020-06-02'), (2255, DEFAULT, NULL, 'Research best practices for accessibility compliance', '2020-08-04'), (2256, DEFAULT, NULL, 'Refactor CSS stylesheets for better organization', '2020-10-10'), (2257, DEFAULT, NULL, 'Code review for feature XYZ', '2020-05-21'), (2258, DEFAULT, NULL, 'Conduct user research interviews', '2020-03-19'), (2259, DEFAULT, NULL, 'Refactor CSS stylesheets for better organization', '2020-04-08'), (2260, DEFAULT, NULL, 'Coordinate with external vendors for hardware delivery', '2020-11-11'), (2261, DEFAULT, NULL, 'Research best practices for accessibility compliance', '2020-10-14'), (2262, DEFAULT, NULL, 'Integrate payment gateway into the application', '2020-10-06'), (2263, DEFAULT, NULL, 'Coordinate with external vendors for hardware delivery', '2020-01-01'), (2264, DEFAULT, NULL, 'Run security scans on the server', '2020-08-08'), (2265, DEFAULT, NULL, 'Validate user inputs on form submission', '2020-11-03'), (2266, DEFAULT, NULL, 'Run security scans on the server', '2020-12-12'), (2267, DEFAULT, NULL, 'Implement new error handling logic', '2020-09-21'), (2268, DEFAULT, NULL, 'Refactor CSS stylesheets for better organization', '2020-05-01'), (2269, DEFAULT, NULL, 'Document deployment procedures for DevOps team', '2020-10-10'), (2270, DEFAULT, NULL, 'Review design mockups for mobile app', '2020-10-22'), (2271, DEFAULT, NULL, 'Review design mockups for mobile app', '2020-12-24'), (2272, DEFAULT, NULL, 'Troubleshoot data synchronization issues', '2020-03-19'), (2273, DEFAULT, NULL, 'Develop unit tests for critical functions', '2020-09-13'), (2274, DEFAULT, NULL, 'Develop unit tests for critical functions', '2020-01-17'), (2275, DEFAULT, NULL, 'Review design mockups for mobile app', '2020-11-11'), (2276, DEFAULT, NULL, 'Organize team building event for department', '2020-08-04'), (2277, DEFAULT, NULL, 'Code review for feature XYZ', '2020-02-02'), (2278, DEFAULT, NULL, 'Research best practices for accessibility compliance', '2020-09-17'), (2279, DEFAULT, NULL, 'Design wireframes for homepage', '2020-04-04'), (2280, DEFAULT, NULL, 'Document deployment procedures for DevOps team', '2020-05-17'), (2281, DEFAULT, NULL, 'Conduct user research interviews', '2020-02-10'), (2282, DEFAULT, NULL, 'Optimize database queries for performance', '2020-05-09'), (2283, DEFAULT, NULL, 'Prepare presentation slides for team meeting', '2020-07-15'), (2284, DEFAULT, NULL, 'Perform regression testing on module A', '2020-10-18'), (2285, DEFAULT, NULL, 'Design wireframes for homepage', '2020-06-26'), (2286, DEFAULT, NULL, 'Coordinate with external vendors for hardware delivery', '2020-04-28'), (2287, DEFAULT, NULL, 'Organize team building event for department', '2020-08-04'), (2288, DEFAULT, NULL, 'Refactor CSS stylesheets for better organization', '2020-08-24'), (2289, DEFAULT, NULL, 'Document deployment procedures for DevOps team', '2020-11-03'), (2290, DEFAULT, NULL, 'Develop unit tests for critical functions', '2020-06-18'), (2291, DEFAULT, NULL, 'Refactor CSS stylesheets for better organization', '2020-02-02'), (2292, DEFAULT, NULL, 'Coordinate with external vendors for hardware delivery', '2020-11-15'), (2293, DEFAULT, NULL, 'Prepare presentation slides for team meeting', '2020-02-06'), (2294, DEFAULT, NULL, 'Integrate payment gateway into the application', '2020-04-04'), (2295, DEFAULT, NULL, 'Organize team building event for department', '2020-03-11'), (2296, DEFAULT, NULL, 'Refactor CSS stylesheets for better organization', '2020-12-28'), (2297, DEFAULT, NULL, 'Integrate payment gateway into the application', '2020-02-26'), (2298, DEFAULT, NULL, 'Write documentation for API endpoints', '2020-10-06'), (2299, DEFAULT, NULL, 'Write documentation for API endpoints', '2020-08-04'), (2300, DEFAULT, NULL, 'Conduct user research interviews', '2020-10-10'), (2301, DEFAULT, NULL, 'Document deployment procedures for DevOps team', '2020-01-05'), (2302, DEFAULT, NULL, 'Prepare presentation slides for team meeting', '2020-09-25'), (2303, DEFAULT, NULL, 'Review design mockups for mobile app', '2020-09-17'), (2304, DEFAULT, NULL, 'Perform regression testing on module A', '2020-08-16'), (2305, DEFAULT, NULL, 'Troubleshoot data synchronization issues', '2020-12-16'), (2306, DEFAULT, NULL, 'Integrate payment gateway into the application', '2020-09-09'), (2307, DEFAULT, NULL, 'Create test cases for login functionality', '2020-05-09'), (2308, DEFAULT, NULL, 'Code review for feature XYZ', '2020-01-21'), (2309, DEFAULT, NULL, 'Write documentation for API endpoints', '2020-06-02'), (2310, DEFAULT, NULL, 'Optimize database queries for performance', '2020-03-27'), (2311, DEFAULT, NULL, 'Conduct user research interviews', '2020-09-13'), (2312, DEFAULT, NULL, 'Review design mockups for mobile app', '2020-09-09'), (2313, DEFAULT, NULL, 'Perform regression testing on module A', '2020-02-26'), (2314, DEFAULT, NULL, 'Refactor CSS stylesheets for better organization', '2020-11-19'), (2315, DEFAULT, NULL, 'Validate user inputs on form submission', '2020-12-08'), (2316, DEFAULT, NULL, 'Design wireframes for homepage', '2020-11-07'), (2317, DEFAULT, NULL, 'Document deployment procedures for DevOps team', '2020-02-02'), (2318, DEFAULT, NULL, 'Integrate payment gateway into the application', '2020-10-18'), (2319, DEFAULT, NULL, 'Write documentation for API endpoints', '2020-01-25'), (2320, DEFAULT, NULL, 'Perform regression testing on module A', '2020-11-23'), (2321, DEFAULT, NULL, 'Organize team building event for department', '2020-07-15'), (2322, DEFAULT, NULL, 'Prepare presentation slides for team meeting', '2020-08-16'), (2323, DEFAULT, NULL, 'Troubleshoot data synchronization issues', '2020-11-27'), (2324, DEFAULT, NULL, 'Research best practices for accessibility compliance', '2020-11-23'), (2325, DEFAULT, NULL, 'Integrate payment gateway into the application', '2020-12-24'), (2326, DEFAULT, NULL, 'Prepare presentation slides for team meeting', '2020-08-08'), (2327, DEFAULT, NULL, 'Document deployment procedures for DevOps team', '2020-03-27'), (2328, DEFAULT, NULL, 'Perform regression testing on module A', '2020-09-09'), (2329, DEFAULT, NULL, 'Integrate payment gateway into the application', '2020-06-26'), (2330, DEFAULT, NULL, 'Organize team building event for department', '2020-10-10'), (2331, DEFAULT, NULL, 'Validate user inputs on form submission', '2020-03-23'), (2332, DEFAULT, NULL, 'Troubleshoot data synchronization issues', '2020-04-24'), (2333, DEFAULT, NULL, 'Troubleshoot data synchronization issues', '2020-06-06'), (2334, DEFAULT, NULL, 'Conduct user research interviews', '2020-01-21'), (2335, DEFAULT, NULL, 'Conduct user research interviews', '2020-08-16'), (2336, DEFAULT, NULL, 'Research best practices for accessibility compliance', '2020-06-02'), (2337, DEFAULT, NULL, 'Implement new error handling logic', '2020-05-21'), (2338, DEFAULT, NULL, 'Run security scans on the server', '2020-10-06'), (2339, DEFAULT, NULL, 'Develop unit tests for critical functions', '2020-11-03'), (2340, DEFAULT, NULL, 'Review design mockups for mobile app', '2020-03-19'), (2341, DEFAULT, NULL, 'Troubleshoot data synchronization issues', '2020-02-18'), (2342, DEFAULT, NULL, 'Implement new error handling logic', '2020-04-04'), (2343, DEFAULT, NULL, 'Develop unit tests for critical functions', '2020-09-21'), (2344, DEFAULT, NULL, 'Research best practices for accessibility compliance', '2020-12-16'), (2345, DEFAULT, NULL, 'Refactor CSS stylesheets for better organization', '2020-11-07'), (2346, DEFAULT, NULL, 'Document deployment procedures for DevOps team', '2020-09-09'), (2347, DEFAULT, NULL, 'Develop unit tests for critical functions', '2020-05-05'), (2348, DEFAULT, NULL, 'Run security scans on the server', '2020-05-25'), (2349, DEFAULT, NULL, 'Code review for feature XYZ', '2020-09-09'), (2350, DEFAULT, NULL, 'Research best practices for accessibility compliance', '2020-10-10'), (2351, DEFAULT, NULL, 'Document deployment procedures for DevOps team', '2020-07-07'), (2352, DEFAULT, NULL, 'Perform regression testing on module A', '2020-04-12'), (2353, DEFAULT, NULL, 'Prepare presentation slides for team meeting', '2020-02-06'), (2354, DEFAULT, NULL, 'Run security scans on the server', '2020-01-21'), (2355, DEFAULT, NULL, 'Run security scans on the server', '2020-03-19'), (2356, DEFAULT, NULL, 'Research best practices for accessibility compliance', '2020-06-18'), (2357, DEFAULT, NULL, 'Prepare presentation slides for team meeting', '2020-03-15'), (2358, DEFAULT, NULL, 'Write documentation for API endpoints', '2020-04-24'), (2359, DEFAULT, NULL, 'Integrate payment gateway into the application', '2020-02-14'), (2360, DEFAULT, NULL, 'Develop unit tests for critical functions', '2020-02-02'), (2361, DEFAULT, NULL, 'Design wireframes for homepage', '2020-06-10'), (2362, DEFAULT, NULL, 'Conduct user research interviews', '2020-09-25'), (2363, DEFAULT, NULL, 'Integrate payment gateway into the application', '2020-01-01'), (2364, DEFAULT, NULL, 'Integrate payment gateway into the application', '2020-06-18'), (2365, DEFAULT, NULL, 'Refactor CSS stylesheets for better organization', '2020-11-07'), (2366, DEFAULT, NULL, 'Refactor CSS stylesheets for better organization', '2020-04-28'), (2367, DEFAULT, NULL, 'Refactor CSS stylesheets for better organization', '2020-12-16'), (2368, DEFAULT, NULL, 'Refactor CSS stylesheets for better organization', '2020-01-09'), (2369, DEFAULT, NULL, 'Integrate payment gateway into the application', '2020-08-12'), (2370, DEFAULT, NULL, 'Validate user inputs on form submission', '2020-09-17'), (2371, DEFAULT, NULL, 'Code review for feature XYZ', '2020-04-08'), (2372, DEFAULT, NULL, 'Write documentation for API endpoints', '2020-10-14'), (2373, DEFAULT, NULL, 'Integrate payment gateway into the application', '2020-04-12'), (2374, DEFAULT, NULL, 'Perform regression testing on module A', '2020-01-05'), (2375, DEFAULT, NULL, 'Write documentation for API endpoints', '2020-10-02'), (2376, DEFAULT, NULL, 'Code review for feature XYZ', '2020-10-14'), (2377, DEFAULT, NULL, 'Coordinate with external vendors for hardware delivery', '2020-09-21'), (2378, DEFAULT, NULL, 'Integrate payment gateway into the application', '2020-12-28'), (2379, DEFAULT, NULL, 'Troubleshoot data synchronization issues', '2020-09-21'), (2380, DEFAULT, NULL, 'Perform regression testing on module A', '2020-12-20'), (2381, DEFAULT, NULL, 'Create test cases for login functionality', '2020-11-23'), (2382, DEFAULT, NULL, 'Troubleshoot data synchronization issues', '2020-03-11'), (2383, DEFAULT, NULL, 'Refactor CSS stylesheets for better organization', '2020-01-01'), (2384, DEFAULT, NULL, 'Research best practices for accessibility compliance', '2020-05-17'), (2385, DEFAULT, NULL, 'Document deployment procedures for DevOps team', '2020-06-02'), (2386, DEFAULT, NULL, 'Organize team building event for department', '2020-09-01'), (2387, DEFAULT, NULL, 'Perform regression testing on module A', '2020-06-14'), (2388, DEFAULT, NULL, 'Design wireframes for homepage', '2020-05-21'), (2389, DEFAULT, NULL, 'Conduct user research interviews', '2020-06-18'), (2390, DEFAULT, NULL, 'Integrate payment gateway into the application', '2020-11-23'), (2391, DEFAULT, NULL, 'Code review for feature XYZ', '2020-09-25'), (2392, DEFAULT, NULL, 'Organize team building event for department', '2020-09-21'), (2393, DEFAULT, NULL, 'Create test cases for login functionality', '2020-07-03'), (2394, DEFAULT, NULL, 'Perform regression testing on module A', '2020-06-02'), (2395, DEFAULT, NULL, 'Validate user inputs on form submission', '2020-02-02'), (2396, DEFAULT, NULL, 'Organize team building event for department', '2020-09-01'), (2397, DEFAULT, NULL, 'Create test cases for login functionality', '2020-06-18'), (2398, DEFAULT, NULL, 'Develop unit tests for critical functions', '2020-02-06'), (2399, DEFAULT, NULL, 'Write documentation for API endpoints', '2020-10-10'), (2400, DEFAULT, NULL, 'Perform regression testing on module A', '2020-06-22'), (2401, DEFAULT, NULL, 'Create test cases for login functionality', '2020-08-04'), (2402, DEFAULT, NULL, 'Validate user inputs on form submission', '2020-04-28'), (2403, DEFAULT, NULL, 'Troubleshoot data synchronization issues', '2020-03-19'), (2404, DEFAULT, NULL, 'Develop unit tests for critical functions', '2020-10-02'), (2405, DEFAULT, NULL, 'Organize team building event for department', '2020-02-22'), (2406, DEFAULT, NULL, 'Create test cases for login functionality', '2020-02-26'), (2407, DEFAULT, NULL, 'Integrate payment gateway into the application', '2020-05-09'), (2408, DEFAULT, NULL, 'Design wireframes for homepage', '2020-10-14'), (2409, DEFAULT, NULL, 'Optimize database queries for performance', '2020-04-24'), (2410, DEFAULT, NULL, 'Create test cases for login functionality', '2020-01-17'), (2411, DEFAULT, NULL, 'Prepare presentation slides for team meeting', '2020-12-12'), (2412, DEFAULT, NULL, 'Document deployment procedures for DevOps team', '2020-06-10'), (2413, DEFAULT, NULL, 'Refactor CSS stylesheets for better organization', '2020-03-11'), (2414, DEFAULT, NULL, 'Prepare presentation slides for team meeting', '2020-02-10'), (2415, DEFAULT, NULL, 'Design wireframes for homepage', '2020-01-25'), (2416, DEFAULT, NULL, 'Coordinate with external vendors for hardware delivery', '2020-10-06'), (2417, DEFAULT, NULL, 'Troubleshoot data synchronization issues', '2020-04-28'), (2418, DEFAULT, NULL, 'Code review for feature XYZ', '2020-11-11'), (2419, DEFAULT, NULL, 'Review design mockups for mobile app', '2020-12-28'), (2420, DEFAULT, NULL, 'Organize team building event for department', '2020-10-10'), (2421, DEFAULT, NULL, 'Prepare presentation slides for team meeting', '2020-11-27'), (2422, DEFAULT, NULL, 'Conduct user research interviews', '2020-08-08'), (2423, DEFAULT, NULL, 'Organize team building event for department', '2020-07-19'), (2424, DEFAULT, NULL, 'Coordinate with external vendors for hardware delivery', '2020-08-12'), (2425, DEFAULT, NULL, 'Research best practices for accessibility compliance', '2020-12-20'), (2426, DEFAULT, NULL, 'Write documentation for API endpoints', '2020-01-05'), (2427, DEFAULT, NULL, 'Troubleshoot data synchronization issues', '2020-09-01'), (2428, DEFAULT, NULL, 'Run security scans on the server', '2020-10-22'), (2429, DEFAULT, NULL, 'Validate user inputs on form submission', '2020-09-05'), (2430, DEFAULT, NULL, 'Prepare presentation slides for team meeting', '2020-12-04'), (2431, DEFAULT, NULL, 'Code review for feature XYZ', '2020-04-12'), (2432, DEFAULT, NULL, 'Document deployment procedures for DevOps team', '2020-06-22'), (2433, DEFAULT, NULL, 'Troubleshoot data synchronization issues', '2020-03-11'), (2434, DEFAULT, NULL, 'Prepare presentation slides for team meeting', '2020-12-28'), (2435, DEFAULT, NULL, 'Develop unit tests for critical functions', '2020-12-05'), (2436, DEFAULT, NULL, 'Run security scans on the server', '2020-07-07'), (2437, DEFAULT, NULL, 'Conduct user research interviews', '2020-07-19'), (2438, DEFAULT, NULL, 'Organize team building event for department', '2020-09-17'), (2439, DEFAULT, NULL, 'Organize team building event for department', '2020-04-28'), (2440, DEFAULT, NULL, 'Run security scans on the server', '2020-05-01'), (2441, DEFAULT, NULL, 'Conduct user research interviews', '2020-03-19'), (2442, DEFAULT, NULL, 'Perform regression testing on module A', '2020-06-06'), (2443, DEFAULT, NULL, 'Optimize database queries for performance', '2020-04-12'), (2444, DEFAULT, NULL, 'Code review for feature XYZ', '2020-02-02'), (2445, DEFAULT, NULL, 'Integrate payment gateway into the application', '2020-06-26'), (2446, DEFAULT, NULL, 'Troubleshoot data synchronization issues', '2020-06-14'), (2447, DEFAULT, NULL, 'Write documentation for API endpoints', '2020-11-27'), (2448, DEFAULT, NULL, 'Implement new error handling logic', '2020-06-14'), (2449, DEFAULT, NULL, 'Integrate payment gateway into the application', '2020-02-18'), (2450, DEFAULT, NULL, 'Develop unit tests for critical functions', '2020-10-26'), (2451, DEFAULT, NULL, 'Optimize database queries for performance', '2020-05-13'), (2452, DEFAULT, NULL, 'Coordinate with external vendors for hardware delivery', '2020-09-09'), (2453, DEFAULT, NULL, 'Implement new error handling logic', '2020-04-24'), (2454, DEFAULT, NULL, 'Optimize database queries for performance', '2020-09-25'), (2455, DEFAULT, NULL, 'Optimize database queries for performance', '2020-03-19'), (2456, DEFAULT, NULL, 'Review design mockups for mobile app', '2020-06-26'), (2457, DEFAULT, NULL, 'Research best practices for accessibility compliance', '2020-11-23'), (2458, DEFAULT, NULL, 'Create test cases for login functionality', '2020-07-11'), (2459, DEFAULT, NULL, 'Review design mockups for mobile app', '2020-04-08'), (2460, DEFAULT, NULL, 'Create test cases for login functionality', '2020-02-18'), (2461, DEFAULT, NULL, 'Coordinate with external vendors for hardware delivery', '2020-08-16'), (2462, DEFAULT, NULL, 'Implement new error handling logic', '2020-01-09'), (2463, DEFAULT, NULL, 'Troubleshoot data synchronization issues', '2020-03-11'), (2464, DEFAULT, NULL, 'Coordinate with external vendors for hardware delivery', '2020-01-05'), (2465, DEFAULT, NULL, 'Validate user inputs on form submission', '2020-02-10'), (2466, DEFAULT, NULL, 'Create test cases for login functionality', '2020-08-24'), (2467, DEFAULT, NULL, 'Coordinate with external vendors for hardware delivery', '2020-03-07'), (2468, DEFAULT, NULL, 'Coordinate with external vendors for hardware delivery', '2020-06-06'), (2469, DEFAULT, NULL, 'Research best practices for accessibility compliance', '2020-12-24'), (2470, DEFAULT, NULL, 'Optimize database queries for performance', '2020-02-18'), (2471, DEFAULT, NULL, 'Implement new error handling logic', '2020-06-06'), (2472, DEFAULT, NULL, 'Document deployment procedures for DevOps team', '2020-11-23'), (2473, DEFAULT, NULL, 'Validate user inputs on form submission', '2020-05-09'), (2474, DEFAULT, NULL, 'Review design mockups for mobile app', '2020-03-27'), (2475, DEFAULT, NULL, 'Refactor CSS stylesheets for better organization', '2020-05-13'), (2476, DEFAULT, NULL, 'Review design mockups for mobile app', '2020-03-23'), (2477, DEFAULT, NULL, 'Implement new error handling logic', '2020-02-02'), (2478, DEFAULT, NULL, 'Integrate payment gateway into the application', '2020-02-02'), (2479, DEFAULT, NULL, 'Troubleshoot data synchronization issues', '2020-04-08'), (2480, DEFAULT, NULL, 'Validate user inputs on form submission', '2020-08-12'), (2481, DEFAULT, NULL, 'Document deployment procedures for DevOps team', '2020-03-11'), (2482, DEFAULT, NULL, 'Coordinate with external vendors for hardware delivery', '2020-02-06'), (2483, DEFAULT, NULL, 'Conduct user research interviews', '2020-01-21'), (2484, DEFAULT, NULL, 'Run security scans on the server', '2020-07-27'), (2485, DEFAULT, NULL, 'Write documentation for API endpoints', '2020-02-22'), (2486, DEFAULT, NULL, 'Research best practices for accessibility compliance', '2020-11-15'), (2487, DEFAULT, NULL, 'Validate user inputs on form submission', '2020-04-20'), (2488, DEFAULT, NULL, 'Review design mockups for mobile app', '2020-04-20'), (2489, DEFAULT, NULL, 'Refactor CSS stylesheets for better organization', '2020-04-08'), (2490, DEFAULT, NULL, 'Create test cases for login functionality', '2020-12-20'), (2491, DEFAULT, NULL, 'Document deployment procedures for DevOps team', '2020-11-19'), (2492, DEFAULT, NULL, 'Create test cases for login functionality', '2020-09-01'), (2493, DEFAULT, NULL, 'Coordinate with external vendors for hardware delivery', '2020-02-18'), (2494, DEFAULT, NULL, 'Design wireframes for homepage', '2020-09-01'), (2495, DEFAULT, NULL, 'Refactor CSS stylesheets for better organization', '2020-05-13'), (2496, DEFAULT, NULL, 'Implement new error handling logic', '2020-07-27'), (2497, DEFAULT, NULL, 'Write documentation for API endpoints', '2020-09-01'), (2498, DEFAULT, NULL, 'Integrate payment gateway into the application', '2020-08-16'), (2499, DEFAULT, NULL, 'Perform regression testing on module A', '2020-11-03'), (2500, DEFAULT, NULL, 'Conduct user research interviews', '2020-10-18'), (2501, DEFAULT, NULL, 'Review design mockups for mobile app', '2020-05-25'), (2502, DEFAULT, NULL, 'Review design mockups for mobile app', '2020-03-23'), (2503, DEFAULT, NULL, 'Run security scans on the server', '2020-09-13');
UPDATE public.projects SET user_id = '0f5d546a-dd80-5406-a005-a4f3061b9fb4' WHERE id = 76;
UPDATE public.projects SET user_id = '0f5d546a-dd80-5406-a005-a4f3061b9fb4' WHERE id = 77;
UPDATE public.projects SET user_id = '0f5d546a-dd80-5406-a005-a4f3061b9fb4' WHERE id = 78;
UPDATE public.projects SET user_id = '0f5d546a-dd80-5406-a005-a4f3061b9fb4' WHERE id = 79;
UPDATE public.projects SET user_id = '0f5d546a-dd80-5406-a005-a4f3061b9fb4' WHERE id = 80;
UPDATE public.projects SET user_id = '5fef9e7c-116a-5504-a6ae-d16f4442d448' WHERE id = 81;
UPDATE public.projects SET user_id = '5fef9e7c-116a-5504-a6ae-d16f4442d448' WHERE id = 82;
UPDATE public.projects SET user_id = '5fef9e7c-116a-5504-a6ae-d16f4442d448' WHERE id = 83;
UPDATE public.projects SET user_id = '5fef9e7c-116a-5504-a6ae-d16f4442d448' WHERE id = 84;
UPDATE public.projects SET user_id = '5fef9e7c-116a-5504-a6ae-d16f4442d448' WHERE id = 85;
UPDATE public.projects SET user_id = '5ac46069-d153-5b50-a0be-8a017d379243' WHERE id = 86;
UPDATE public.projects SET user_id = '5ac46069-d153-5b50-a0be-8a017d379243' WHERE id = 87;
UPDATE public.projects SET user_id = '5ac46069-d153-5b50-a0be-8a017d379243' WHERE id = 88;
UPDATE public.projects SET user_id = '5ac46069-d153-5b50-a0be-8a017d379243' WHERE id = 89;
UPDATE public.projects SET user_id = '5ac46069-d153-5b50-a0be-8a017d379243' WHERE id = 90;
UPDATE public.projects SET user_id = '5f2c632c-1003-5d3e-94f5-6085899aa359' WHERE id = 91;
UPDATE public.projects SET user_id = '5f2c632c-1003-5d3e-94f5-6085899aa359' WHERE id = 92;
UPDATE public.projects SET user_id = '5f2c632c-1003-5d3e-94f5-6085899aa359' WHERE id = 93;
UPDATE public.projects SET user_id = '5f2c632c-1003-5d3e-94f5-6085899aa359' WHERE id = 94;
UPDATE public.projects SET user_id = '5f2c632c-1003-5d3e-94f5-6085899aa359' WHERE id = 95;
UPDATE public.projects SET user_id = '71c8f57c-aae5-5ac8-8fc0-a1ff399b17b8' WHERE id = 96;
UPDATE public.projects SET user_id = '71c8f57c-aae5-5ac8-8fc0-a1ff399b17b8' WHERE id = 97;
UPDATE public.projects SET user_id = '71c8f57c-aae5-5ac8-8fc0-a1ff399b17b8' WHERE id = 98;
UPDATE public.projects SET user_id = '71c8f57c-aae5-5ac8-8fc0-a1ff399b17b8' WHERE id = 99;
UPDATE public.projects SET user_id = '71c8f57c-aae5-5ac8-8fc0-a1ff399b17b8' WHERE id = 100;
UPDATE public.sub_tasks SET task_id = 385 WHERE id = 1879;
UPDATE public.sub_tasks SET task_id = 385 WHERE id = 1880;
UPDATE public.sub_tasks SET task_id = 385 WHERE id = 1881;
UPDATE public.sub_tasks SET task_id = 385 WHERE id = 1882;
UPDATE public.sub_tasks SET task_id = 385 WHERE id = 1883;
UPDATE public.sub_tasks SET task_id = 386 WHERE id = 1884;
UPDATE public.sub_tasks SET task_id = 386 WHERE id = 1885;
UPDATE public.sub_tasks SET task_id = 386 WHERE id = 1886;
UPDATE public.sub_tasks SET task_id = 386 WHERE id = 1887;
UPDATE public.sub_tasks SET task_id = 386 WHERE id = 1888;
UPDATE public.sub_tasks SET task_id = 387 WHERE id = 1889;
UPDATE public.sub_tasks SET task_id = 387 WHERE id = 1890;
UPDATE public.sub_tasks SET task_id = 387 WHERE id = 1891;
UPDATE public.sub_tasks SET task_id = 387 WHERE id = 1892;
UPDATE public.sub_tasks SET task_id = 387 WHERE id = 1893;
UPDATE public.sub_tasks SET task_id = 388 WHERE id = 1894;
UPDATE public.sub_tasks SET task_id = 388 WHERE id = 1895;
UPDATE public.sub_tasks SET task_id = 388 WHERE id = 1896;
UPDATE public.sub_tasks SET task_id = 388 WHERE id = 1897;
UPDATE public.sub_tasks SET task_id = 388 WHERE id = 1898;
UPDATE public.sub_tasks SET task_id = 389 WHERE id = 1899;
UPDATE public.sub_tasks SET task_id = 389 WHERE id = 1900;
UPDATE public.sub_tasks SET task_id = 389 WHERE id = 1901;
UPDATE public.sub_tasks SET task_id = 389 WHERE id = 1902;
UPDATE public.sub_tasks SET task_id = 389 WHERE id = 1903;
UPDATE public.sub_tasks SET task_id = 390 WHERE id = 1904;
UPDATE public.sub_tasks SET task_id = 390 WHERE id = 1905;
UPDATE public.sub_tasks SET task_id = 390 WHERE id = 1906;
UPDATE public.sub_tasks SET task_id = 390 WHERE id = 1907;
UPDATE public.sub_tasks SET task_id = 390 WHERE id = 1908;
UPDATE public.sub_tasks SET task_id = 391 WHERE id = 1909;
UPDATE public.sub_tasks SET task_id = 391 WHERE id = 1910;
UPDATE public.sub_tasks SET task_id = 391 WHERE id = 1911;
UPDATE public.sub_tasks SET task_id = 391 WHERE id = 1912;
UPDATE public.sub_tasks SET task_id = 391 WHERE id = 1913;
UPDATE public.sub_tasks SET task_id = 392 WHERE id = 1914;
UPDATE public.sub_tasks SET task_id = 392 WHERE id = 1915;
UPDATE public.sub_tasks SET task_id = 392 WHERE id = 1916;
UPDATE public.sub_tasks SET task_id = 392 WHERE id = 1917;
UPDATE public.sub_tasks SET task_id = 392 WHERE id = 1918;
UPDATE public.sub_tasks SET task_id = 393 WHERE id = 1919;
UPDATE public.sub_tasks SET task_id = 393 WHERE id = 1920;
UPDATE public.sub_tasks SET task_id = 393 WHERE id = 1921;
UPDATE public.sub_tasks SET task_id = 393 WHERE id = 1922;
UPDATE public.sub_tasks SET task_id = 393 WHERE id = 1923;
UPDATE public.sub_tasks SET task_id = 394 WHERE id = 1924;
UPDATE public.sub_tasks SET task_id = 394 WHERE id = 1925;
UPDATE public.sub_tasks SET task_id = 394 WHERE id = 1926;
UPDATE public.sub_tasks SET task_id = 394 WHERE id = 1927;
UPDATE public.sub_tasks SET task_id = 394 WHERE id = 1928;
UPDATE public.sub_tasks SET task_id = 395 WHERE id = 1929;
UPDATE public.sub_tasks SET task_id = 395 WHERE id = 1930;
UPDATE public.sub_tasks SET task_id = 395 WHERE id = 1931;
UPDATE public.sub_tasks SET task_id = 395 WHERE id = 1932;
UPDATE public.sub_tasks SET task_id = 395 WHERE id = 1933;
UPDATE public.sub_tasks SET task_id = 396 WHERE id = 1934;
UPDATE public.sub_tasks SET task_id = 396 WHERE id = 1935;
UPDATE public.sub_tasks SET task_id = 396 WHERE id = 1936;
UPDATE public.sub_tasks SET task_id = 396 WHERE id = 1937;
UPDATE public.sub_tasks SET task_id = 396 WHERE id = 1938;
UPDATE public.sub_tasks SET task_id = 397 WHERE id = 1939;
UPDATE public.sub_tasks SET task_id = 397 WHERE id = 1940;
UPDATE public.sub_tasks SET task_id = 397 WHERE id = 1941;
UPDATE public.sub_tasks SET task_id = 397 WHERE id = 1942;
UPDATE public.sub_tasks SET task_id = 397 WHERE id = 1943;
UPDATE public.sub_tasks SET task_id = 398 WHERE id = 1944;
UPDATE public.sub_tasks SET task_id = 398 WHERE id = 1945;
UPDATE public.sub_tasks SET task_id = 398 WHERE id = 1946;
UPDATE public.sub_tasks SET task_id = 398 WHERE id = 1947;
UPDATE public.sub_tasks SET task_id = 398 WHERE id = 1948;
UPDATE public.sub_tasks SET task_id = 399 WHERE id = 1949;
UPDATE public.sub_tasks SET task_id = 399 WHERE id = 1950;
UPDATE public.sub_tasks SET task_id = 399 WHERE id = 1951;
UPDATE public.sub_tasks SET task_id = 399 WHERE id = 1952;
UPDATE public.sub_tasks SET task_id = 399 WHERE id = 1953;
UPDATE public.sub_tasks SET task_id = 400 WHERE id = 1954;
UPDATE public.sub_tasks SET task_id = 400 WHERE id = 1955;
UPDATE public.sub_tasks SET task_id = 400 WHERE id = 1956;
UPDATE public.sub_tasks SET task_id = 400 WHERE id = 1957;
UPDATE public.sub_tasks SET task_id = 400 WHERE id = 1958;
UPDATE public.sub_tasks SET task_id = 401 WHERE id = 1959;
UPDATE public.sub_tasks SET task_id = 401 WHERE id = 1960;
UPDATE public.sub_tasks SET task_id = 401 WHERE id = 1961;
UPDATE public.sub_tasks SET task_id = 401 WHERE id = 1962;
UPDATE public.sub_tasks SET task_id = 401 WHERE id = 1963;
UPDATE public.sub_tasks SET task_id = 402 WHERE id = 1964;
UPDATE public.sub_tasks SET task_id = 402 WHERE id = 1965;
UPDATE public.sub_tasks SET task_id = 402 WHERE id = 1966;
UPDATE public.sub_tasks SET task_id = 402 WHERE id = 1967;
UPDATE public.sub_tasks SET task_id = 402 WHERE id = 1968;
UPDATE public.sub_tasks SET task_id = 403 WHERE id = 1969;
UPDATE public.sub_tasks SET task_id = 403 WHERE id = 1970;
UPDATE public.sub_tasks SET task_id = 403 WHERE id = 1971;
UPDATE public.sub_tasks SET task_id = 403 WHERE id = 1972;
UPDATE public.sub_tasks SET task_id = 403 WHERE id = 1973;
UPDATE public.sub_tasks SET task_id = 404 WHERE id = 1974;
UPDATE public.sub_tasks SET task_id = 404 WHERE id = 1975;
UPDATE public.sub_tasks SET task_id = 404 WHERE id = 1976;
UPDATE public.sub_tasks SET task_id = 404 WHERE id = 1977;
UPDATE public.sub_tasks SET task_id = 404 WHERE id = 1978;
UPDATE public.sub_tasks SET task_id = 405 WHERE id = 1979;
UPDATE public.sub_tasks SET task_id = 405 WHERE id = 1980;
UPDATE public.sub_tasks SET task_id = 405 WHERE id = 1981;
UPDATE public.sub_tasks SET task_id = 405 WHERE id = 1982;
UPDATE public.sub_tasks SET task_id = 405 WHERE id = 1983;
UPDATE public.sub_tasks SET task_id = 406 WHERE id = 1984;
UPDATE public.sub_tasks SET task_id = 406 WHERE id = 1985;
UPDATE public.sub_tasks SET task_id = 406 WHERE id = 1986;
UPDATE public.sub_tasks SET task_id = 406 WHERE id = 1987;
UPDATE public.sub_tasks SET task_id = 406 WHERE id = 1988;
UPDATE public.sub_tasks SET task_id = 407 WHERE id = 1989;
UPDATE public.sub_tasks SET task_id = 407 WHERE id = 1990;
UPDATE public.sub_tasks SET task_id = 407 WHERE id = 1991;
UPDATE public.sub_tasks SET task_id = 407 WHERE id = 1992;
UPDATE public.sub_tasks SET task_id = 407 WHERE id = 1993;
UPDATE public.sub_tasks SET task_id = 408 WHERE id = 1994;
UPDATE public.sub_tasks SET task_id = 408 WHERE id = 1995;
UPDATE public.sub_tasks SET task_id = 408 WHERE id = 1996;
UPDATE public.sub_tasks SET task_id = 408 WHERE id = 1997;
UPDATE public.sub_tasks SET task_id = 408 WHERE id = 1998;
UPDATE public.sub_tasks SET task_id = 409 WHERE id = 1999;
UPDATE public.sub_tasks SET task_id = 409 WHERE id = 2000;
UPDATE public.sub_tasks SET task_id = 409 WHERE id = 2001;
UPDATE public.sub_tasks SET task_id = 409 WHERE id = 2002;
UPDATE public.sub_tasks SET task_id = 409 WHERE id = 2003;
UPDATE public.sub_tasks SET task_id = 410 WHERE id = 2004;
UPDATE public.sub_tasks SET task_id = 410 WHERE id = 2005;
UPDATE public.sub_tasks SET task_id = 410 WHERE id = 2006;
UPDATE public.sub_tasks SET task_id = 410 WHERE id = 2007;
UPDATE public.sub_tasks SET task_id = 410 WHERE id = 2008;
UPDATE public.sub_tasks SET task_id = 411 WHERE id = 2009;
UPDATE public.sub_tasks SET task_id = 411 WHERE id = 2010;
UPDATE public.sub_tasks SET task_id = 411 WHERE id = 2011;
UPDATE public.sub_tasks SET task_id = 411 WHERE id = 2012;
UPDATE public.sub_tasks SET task_id = 411 WHERE id = 2013;
UPDATE public.sub_tasks SET task_id = 412 WHERE id = 2014;
UPDATE public.sub_tasks SET task_id = 412 WHERE id = 2015;
UPDATE public.sub_tasks SET task_id = 412 WHERE id = 2016;
UPDATE public.sub_tasks SET task_id = 412 WHERE id = 2017;
UPDATE public.sub_tasks SET task_id = 412 WHERE id = 2018;
UPDATE public.sub_tasks SET task_id = 413 WHERE id = 2019;
UPDATE public.sub_tasks SET task_id = 413 WHERE id = 2020;
UPDATE public.sub_tasks SET task_id = 413 WHERE id = 2021;
UPDATE public.sub_tasks SET task_id = 413 WHERE id = 2022;
UPDATE public.sub_tasks SET task_id = 413 WHERE id = 2023;
UPDATE public.sub_tasks SET task_id = 414 WHERE id = 2024;
UPDATE public.sub_tasks SET task_id = 414 WHERE id = 2025;
UPDATE public.sub_tasks SET task_id = 414 WHERE id = 2026;
UPDATE public.sub_tasks SET task_id = 414 WHERE id = 2027;
UPDATE public.sub_tasks SET task_id = 414 WHERE id = 2028;
UPDATE public.sub_tasks SET task_id = 415 WHERE id = 2029;
UPDATE public.sub_tasks SET task_id = 415 WHERE id = 2030;
UPDATE public.sub_tasks SET task_id = 415 WHERE id = 2031;
UPDATE public.sub_tasks SET task_id = 415 WHERE id = 2032;
UPDATE public.sub_tasks SET task_id = 415 WHERE id = 2033;
UPDATE public.sub_tasks SET task_id = 416 WHERE id = 2034;
UPDATE public.sub_tasks SET task_id = 416 WHERE id = 2035;
UPDATE public.sub_tasks SET task_id = 416 WHERE id = 2036;
UPDATE public.sub_tasks SET task_id = 416 WHERE id = 2037;
UPDATE public.sub_tasks SET task_id = 416 WHERE id = 2038;
UPDATE public.sub_tasks SET task_id = 417 WHERE id = 2039;
UPDATE public.sub_tasks SET task_id = 417 WHERE id = 2040;
UPDATE public.sub_tasks SET task_id = 417 WHERE id = 2041;
UPDATE public.sub_tasks SET task_id = 417 WHERE id = 2042;
UPDATE public.sub_tasks SET task_id = 417 WHERE id = 2043;
UPDATE public.sub_tasks SET task_id = 418 WHERE id = 2044;
UPDATE public.sub_tasks SET task_id = 418 WHERE id = 2045;
UPDATE public.sub_tasks SET task_id = 418 WHERE id = 2046;
UPDATE public.sub_tasks SET task_id = 418 WHERE id = 2047;
UPDATE public.sub_tasks SET task_id = 418 WHERE id = 2048;
UPDATE public.sub_tasks SET task_id = 419 WHERE id = 2049;
UPDATE public.sub_tasks SET task_id = 419 WHERE id = 2050;
UPDATE public.sub_tasks SET task_id = 419 WHERE id = 2051;
UPDATE public.sub_tasks SET task_id = 419 WHERE id = 2052;
UPDATE public.sub_tasks SET task_id = 419 WHERE id = 2053;
UPDATE public.sub_tasks SET task_id = 420 WHERE id = 2054;
UPDATE public.sub_tasks SET task_id = 420 WHERE id = 2055;
UPDATE public.sub_tasks SET task_id = 420 WHERE id = 2056;
UPDATE public.sub_tasks SET task_id = 420 WHERE id = 2057;
UPDATE public.sub_tasks SET task_id = 420 WHERE id = 2058;
UPDATE public.sub_tasks SET task_id = 421 WHERE id = 2059;
UPDATE public.sub_tasks SET task_id = 421 WHERE id = 2060;
UPDATE public.sub_tasks SET task_id = 421 WHERE id = 2061;
UPDATE public.sub_tasks SET task_id = 421 WHERE id = 2062;
UPDATE public.sub_tasks SET task_id = 421 WHERE id = 2063;
UPDATE public.sub_tasks SET task_id = 422 WHERE id = 2064;
UPDATE public.sub_tasks SET task_id = 422 WHERE id = 2065;
UPDATE public.sub_tasks SET task_id = 422 WHERE id = 2066;
UPDATE public.sub_tasks SET task_id = 422 WHERE id = 2067;
UPDATE public.sub_tasks SET task_id = 422 WHERE id = 2068;
UPDATE public.sub_tasks SET task_id = 423 WHERE id = 2069;
UPDATE public.sub_tasks SET task_id = 423 WHERE id = 2070;
UPDATE public.sub_tasks SET task_id = 423 WHERE id = 2071;
UPDATE public.sub_tasks SET task_id = 423 WHERE id = 2072;
UPDATE public.sub_tasks SET task_id = 423 WHERE id = 2073;
UPDATE public.sub_tasks SET task_id = 424 WHERE id = 2074;
UPDATE public.sub_tasks SET task_id = 424 WHERE id = 2075;
UPDATE public.sub_tasks SET task_id = 424 WHERE id = 2076;
UPDATE public.sub_tasks SET task_id = 424 WHERE id = 2077;
UPDATE public.sub_tasks SET task_id = 424 WHERE id = 2078;
UPDATE public.sub_tasks SET task_id = 425 WHERE id = 2079;
UPDATE public.sub_tasks SET task_id = 425 WHERE id = 2080;
UPDATE public.sub_tasks SET task_id = 425 WHERE id = 2081;
UPDATE public.sub_tasks SET task_id = 425 WHERE id = 2082;
UPDATE public.sub_tasks SET task_id = 425 WHERE id = 2083;
UPDATE public.sub_tasks SET task_id = 426 WHERE id = 2084;
UPDATE public.sub_tasks SET task_id = 426 WHERE id = 2085;
UPDATE public.sub_tasks SET task_id = 426 WHERE id = 2086;
UPDATE public.sub_tasks SET task_id = 426 WHERE id = 2087;
UPDATE public.sub_tasks SET task_id = 426 WHERE id = 2088;
UPDATE public.sub_tasks SET task_id = 427 WHERE id = 2089;
UPDATE public.sub_tasks SET task_id = 427 WHERE id = 2090;
UPDATE public.sub_tasks SET task_id = 427 WHERE id = 2091;
UPDATE public.sub_tasks SET task_id = 427 WHERE id = 2092;
UPDATE public.sub_tasks SET task_id = 427 WHERE id = 2093;
UPDATE public.sub_tasks SET task_id = 428 WHERE id = 2094;
UPDATE public.sub_tasks SET task_id = 428 WHERE id = 2095;
UPDATE public.sub_tasks SET task_id = 428 WHERE id = 2096;
UPDATE public.sub_tasks SET task_id = 428 WHERE id = 2097;
UPDATE public.sub_tasks SET task_id = 428 WHERE id = 2098;
UPDATE public.sub_tasks SET task_id = 429 WHERE id = 2099;
UPDATE public.sub_tasks SET task_id = 429 WHERE id = 2100;
UPDATE public.sub_tasks SET task_id = 429 WHERE id = 2101;
UPDATE public.sub_tasks SET task_id = 429 WHERE id = 2102;
UPDATE public.sub_tasks SET task_id = 429 WHERE id = 2103;
UPDATE public.sub_tasks SET task_id = 430 WHERE id = 2104;
UPDATE public.sub_tasks SET task_id = 430 WHERE id = 2105;
UPDATE public.sub_tasks SET task_id = 430 WHERE id = 2106;
UPDATE public.sub_tasks SET task_id = 430 WHERE id = 2107;
UPDATE public.sub_tasks SET task_id = 430 WHERE id = 2108;
UPDATE public.sub_tasks SET task_id = 431 WHERE id = 2109;
UPDATE public.sub_tasks SET task_id = 431 WHERE id = 2110;
UPDATE public.sub_tasks SET task_id = 431 WHERE id = 2111;
UPDATE public.sub_tasks SET task_id = 431 WHERE id = 2112;
UPDATE public.sub_tasks SET task_id = 431 WHERE id = 2113;
UPDATE public.sub_tasks SET task_id = 432 WHERE id = 2114;
UPDATE public.sub_tasks SET task_id = 432 WHERE id = 2115;
UPDATE public.sub_tasks SET task_id = 432 WHERE id = 2116;
UPDATE public.sub_tasks SET task_id = 432 WHERE id = 2117;
UPDATE public.sub_tasks SET task_id = 432 WHERE id = 2118;
UPDATE public.sub_tasks SET task_id = 433 WHERE id = 2119;
UPDATE public.sub_tasks SET task_id = 433 WHERE id = 2120;
UPDATE public.sub_tasks SET task_id = 433 WHERE id = 2121;
UPDATE public.sub_tasks SET task_id = 433 WHERE id = 2122;
UPDATE public.sub_tasks SET task_id = 433 WHERE id = 2123;
UPDATE public.sub_tasks SET task_id = 434 WHERE id = 2124;
UPDATE public.sub_tasks SET task_id = 434 WHERE id = 2125;
UPDATE public.sub_tasks SET task_id = 434 WHERE id = 2126;
UPDATE public.sub_tasks SET task_id = 434 WHERE id = 2127;
UPDATE public.sub_tasks SET task_id = 434 WHERE id = 2128;
UPDATE public.sub_tasks SET task_id = 435 WHERE id = 2129;
UPDATE public.sub_tasks SET task_id = 435 WHERE id = 2130;
UPDATE public.sub_tasks SET task_id = 435 WHERE id = 2131;
UPDATE public.sub_tasks SET task_id = 435 WHERE id = 2132;
UPDATE public.sub_tasks SET task_id = 435 WHERE id = 2133;
UPDATE public.sub_tasks SET task_id = 436 WHERE id = 2134;
UPDATE public.sub_tasks SET task_id = 436 WHERE id = 2135;
UPDATE public.sub_tasks SET task_id = 436 WHERE id = 2136;
UPDATE public.sub_tasks SET task_id = 436 WHERE id = 2137;
UPDATE public.sub_tasks SET task_id = 436 WHERE id = 2138;
UPDATE public.sub_tasks SET task_id = 437 WHERE id = 2139;
UPDATE public.sub_tasks SET task_id = 437 WHERE id = 2140;
UPDATE public.sub_tasks SET task_id = 437 WHERE id = 2141;
UPDATE public.sub_tasks SET task_id = 437 WHERE id = 2142;
UPDATE public.sub_tasks SET task_id = 437 WHERE id = 2143;
UPDATE public.sub_tasks SET task_id = 438 WHERE id = 2144;
UPDATE public.sub_tasks SET task_id = 438 WHERE id = 2145;
UPDATE public.sub_tasks SET task_id = 438 WHERE id = 2146;
UPDATE public.sub_tasks SET task_id = 438 WHERE id = 2147;
UPDATE public.sub_tasks SET task_id = 438 WHERE id = 2148;
UPDATE public.sub_tasks SET task_id = 439 WHERE id = 2149;
UPDATE public.sub_tasks SET task_id = 439 WHERE id = 2150;
UPDATE public.sub_tasks SET task_id = 439 WHERE id = 2151;
UPDATE public.sub_tasks SET task_id = 439 WHERE id = 2152;
UPDATE public.sub_tasks SET task_id = 439 WHERE id = 2153;
UPDATE public.sub_tasks SET task_id = 440 WHERE id = 2154;
UPDATE public.sub_tasks SET task_id = 440 WHERE id = 2155;
UPDATE public.sub_tasks SET task_id = 440 WHERE id = 2156;
UPDATE public.sub_tasks SET task_id = 440 WHERE id = 2157;
UPDATE public.sub_tasks SET task_id = 440 WHERE id = 2158;
UPDATE public.sub_tasks SET task_id = 441 WHERE id = 2159;
UPDATE public.sub_tasks SET task_id = 441 WHERE id = 2160;
UPDATE public.sub_tasks SET task_id = 441 WHERE id = 2161;
UPDATE public.sub_tasks SET task_id = 441 WHERE id = 2162;
UPDATE public.sub_tasks SET task_id = 441 WHERE id = 2163;
UPDATE public.sub_tasks SET task_id = 442 WHERE id = 2164;
UPDATE public.sub_tasks SET task_id = 442 WHERE id = 2165;
UPDATE public.sub_tasks SET task_id = 442 WHERE id = 2166;
UPDATE public.sub_tasks SET task_id = 442 WHERE id = 2167;
UPDATE public.sub_tasks SET task_id = 442 WHERE id = 2168;
UPDATE public.sub_tasks SET task_id = 443 WHERE id = 2169;
UPDATE public.sub_tasks SET task_id = 443 WHERE id = 2170;
UPDATE public.sub_tasks SET task_id = 443 WHERE id = 2171;
UPDATE public.sub_tasks SET task_id = 443 WHERE id = 2172;
UPDATE public.sub_tasks SET task_id = 443 WHERE id = 2173;
UPDATE public.sub_tasks SET task_id = 444 WHERE id = 2174;
UPDATE public.sub_tasks SET task_id = 444 WHERE id = 2175;
UPDATE public.sub_tasks SET task_id = 444 WHERE id = 2176;
UPDATE public.sub_tasks SET task_id = 444 WHERE id = 2177;
UPDATE public.sub_tasks SET task_id = 444 WHERE id = 2178;
UPDATE public.sub_tasks SET task_id = 445 WHERE id = 2179;
UPDATE public.sub_tasks SET task_id = 445 WHERE id = 2180;
UPDATE public.sub_tasks SET task_id = 445 WHERE id = 2181;
UPDATE public.sub_tasks SET task_id = 445 WHERE id = 2182;
UPDATE public.sub_tasks SET task_id = 445 WHERE id = 2183;
UPDATE public.sub_tasks SET task_id = 446 WHERE id = 2184;
UPDATE public.sub_tasks SET task_id = 446 WHERE id = 2185;
UPDATE public.sub_tasks SET task_id = 446 WHERE id = 2186;
UPDATE public.sub_tasks SET task_id = 446 WHERE id = 2187;
UPDATE public.sub_tasks SET task_id = 446 WHERE id = 2188;
UPDATE public.sub_tasks SET task_id = 447 WHERE id = 2189;
UPDATE public.sub_tasks SET task_id = 447 WHERE id = 2190;
UPDATE public.sub_tasks SET task_id = 447 WHERE id = 2191;
UPDATE public.sub_tasks SET task_id = 447 WHERE id = 2192;
UPDATE public.sub_tasks SET task_id = 447 WHERE id = 2193;
UPDATE public.sub_tasks SET task_id = 448 WHERE id = 2194;
UPDATE public.sub_tasks SET task_id = 448 WHERE id = 2195;
UPDATE public.sub_tasks SET task_id = 448 WHERE id = 2196;
UPDATE public.sub_tasks SET task_id = 448 WHERE id = 2197;
UPDATE public.sub_tasks SET task_id = 448 WHERE id = 2198;
UPDATE public.sub_tasks SET task_id = 449 WHERE id = 2199;
UPDATE public.sub_tasks SET task_id = 449 WHERE id = 2200;
UPDATE public.sub_tasks SET task_id = 449 WHERE id = 2201;
UPDATE public.sub_tasks SET task_id = 449 WHERE id = 2202;
UPDATE public.sub_tasks SET task_id = 449 WHERE id = 2203;
UPDATE public.sub_tasks SET task_id = 450 WHERE id = 2204;
UPDATE public.sub_tasks SET task_id = 450 WHERE id = 2205;
UPDATE public.sub_tasks SET task_id = 450 WHERE id = 2206;
UPDATE public.sub_tasks SET task_id = 450 WHERE id = 2207;
UPDATE public.sub_tasks SET task_id = 450 WHERE id = 2208;
UPDATE public.sub_tasks SET task_id = 451 WHERE id = 2209;
UPDATE public.sub_tasks SET task_id = 451 WHERE id = 2210;
UPDATE public.sub_tasks SET task_id = 451 WHERE id = 2211;
UPDATE public.sub_tasks SET task_id = 451 WHERE id = 2212;
UPDATE public.sub_tasks SET task_id = 451 WHERE id = 2213;
UPDATE public.sub_tasks SET task_id = 452 WHERE id = 2214;
UPDATE public.sub_tasks SET task_id = 452 WHERE id = 2215;
UPDATE public.sub_tasks SET task_id = 452 WHERE id = 2216;
UPDATE public.sub_tasks SET task_id = 452 WHERE id = 2217;
UPDATE public.sub_tasks SET task_id = 452 WHERE id = 2218;
UPDATE public.sub_tasks SET task_id = 453 WHERE id = 2219;
UPDATE public.sub_tasks SET task_id = 453 WHERE id = 2220;
UPDATE public.sub_tasks SET task_id = 453 WHERE id = 2221;
UPDATE public.sub_tasks SET task_id = 453 WHERE id = 2222;
UPDATE public.sub_tasks SET task_id = 453 WHERE id = 2223;
UPDATE public.sub_tasks SET task_id = 454 WHERE id = 2224;
UPDATE public.sub_tasks SET task_id = 454 WHERE id = 2225;
UPDATE public.sub_tasks SET task_id = 454 WHERE id = 2226;
UPDATE public.sub_tasks SET task_id = 454 WHERE id = 2227;
UPDATE public.sub_tasks SET task_id = 454 WHERE id = 2228;
UPDATE public.sub_tasks SET task_id = 455 WHERE id = 2229;
UPDATE public.sub_tasks SET task_id = 455 WHERE id = 2230;
UPDATE public.sub_tasks SET task_id = 455 WHERE id = 2231;
UPDATE public.sub_tasks SET task_id = 455 WHERE id = 2232;
UPDATE public.sub_tasks SET task_id = 455 WHERE id = 2233;
UPDATE public.sub_tasks SET task_id = 456 WHERE id = 2234;
UPDATE public.sub_tasks SET task_id = 456 WHERE id = 2235;
UPDATE public.sub_tasks SET task_id = 456 WHERE id = 2236;
UPDATE public.sub_tasks SET task_id = 456 WHERE id = 2237;
UPDATE public.sub_tasks SET task_id = 456 WHERE id = 2238;
UPDATE public.sub_tasks SET task_id = 457 WHERE id = 2239;
UPDATE public.sub_tasks SET task_id = 457 WHERE id = 2240;
UPDATE public.sub_tasks SET task_id = 457 WHERE id = 2241;
UPDATE public.sub_tasks SET task_id = 457 WHERE id = 2242;
UPDATE public.sub_tasks SET task_id = 457 WHERE id = 2243;
UPDATE public.sub_tasks SET task_id = 458 WHERE id = 2244;
UPDATE public.sub_tasks SET task_id = 458 WHERE id = 2245;
UPDATE public.sub_tasks SET task_id = 458 WHERE id = 2246;
UPDATE public.sub_tasks SET task_id = 458 WHERE id = 2247;
UPDATE public.sub_tasks SET task_id = 458 WHERE id = 2248;
UPDATE public.sub_tasks SET task_id = 459 WHERE id = 2249;
UPDATE public.sub_tasks SET task_id = 459 WHERE id = 2250;
UPDATE public.sub_tasks SET task_id = 459 WHERE id = 2251;
UPDATE public.sub_tasks SET task_id = 459 WHERE id = 2252;
UPDATE public.sub_tasks SET task_id = 459 WHERE id = 2253;
UPDATE public.sub_tasks SET task_id = 460 WHERE id = 2254;
UPDATE public.sub_tasks SET task_id = 460 WHERE id = 2255;
UPDATE public.sub_tasks SET task_id = 460 WHERE id = 2256;
UPDATE public.sub_tasks SET task_id = 460 WHERE id = 2257;
UPDATE public.sub_tasks SET task_id = 460 WHERE id = 2258;
UPDATE public.sub_tasks SET task_id = 461 WHERE id = 2259;
UPDATE public.sub_tasks SET task_id = 461 WHERE id = 2260;
UPDATE public.sub_tasks SET task_id = 461 WHERE id = 2261;
UPDATE public.sub_tasks SET task_id = 461 WHERE id = 2262;
UPDATE public.sub_tasks SET task_id = 461 WHERE id = 2263;
UPDATE public.sub_tasks SET task_id = 462 WHERE id = 2264;
UPDATE public.sub_tasks SET task_id = 462 WHERE id = 2265;
UPDATE public.sub_tasks SET task_id = 462 WHERE id = 2266;
UPDATE public.sub_tasks SET task_id = 462 WHERE id = 2267;
UPDATE public.sub_tasks SET task_id = 462 WHERE id = 2268;
UPDATE public.sub_tasks SET task_id = 463 WHERE id = 2269;
UPDATE public.sub_tasks SET task_id = 463 WHERE id = 2270;
UPDATE public.sub_tasks SET task_id = 463 WHERE id = 2271;
UPDATE public.sub_tasks SET task_id = 463 WHERE id = 2272;
UPDATE public.sub_tasks SET task_id = 463 WHERE id = 2273;
UPDATE public.sub_tasks SET task_id = 464 WHERE id = 2274;
UPDATE public.sub_tasks SET task_id = 464 WHERE id = 2275;
UPDATE public.sub_tasks SET task_id = 464 WHERE id = 2276;
UPDATE public.sub_tasks SET task_id = 464 WHERE id = 2277;
UPDATE public.sub_tasks SET task_id = 464 WHERE id = 2278;
UPDATE public.sub_tasks SET task_id = 465 WHERE id = 2279;
UPDATE public.sub_tasks SET task_id = 465 WHERE id = 2280;
UPDATE public.sub_tasks SET task_id = 465 WHERE id = 2281;
UPDATE public.sub_tasks SET task_id = 465 WHERE id = 2282;
UPDATE public.sub_tasks SET task_id = 465 WHERE id = 2283;
UPDATE public.sub_tasks SET task_id = 466 WHERE id = 2284;
UPDATE public.sub_tasks SET task_id = 466 WHERE id = 2285;
UPDATE public.sub_tasks SET task_id = 466 WHERE id = 2286;
UPDATE public.sub_tasks SET task_id = 466 WHERE id = 2287;
UPDATE public.sub_tasks SET task_id = 466 WHERE id = 2288;
UPDATE public.sub_tasks SET task_id = 467 WHERE id = 2289;
UPDATE public.sub_tasks SET task_id = 467 WHERE id = 2290;
UPDATE public.sub_tasks SET task_id = 467 WHERE id = 2291;
UPDATE public.sub_tasks SET task_id = 467 WHERE id = 2292;
UPDATE public.sub_tasks SET task_id = 467 WHERE id = 2293;
UPDATE public.sub_tasks SET task_id = 468 WHERE id = 2294;
UPDATE public.sub_tasks SET task_id = 468 WHERE id = 2295;
UPDATE public.sub_tasks SET task_id = 468 WHERE id = 2296;
UPDATE public.sub_tasks SET task_id = 468 WHERE id = 2297;
UPDATE public.sub_tasks SET task_id = 468 WHERE id = 2298;
UPDATE public.sub_tasks SET task_id = 469 WHERE id = 2299;
UPDATE public.sub_tasks SET task_id = 469 WHERE id = 2300;
UPDATE public.sub_tasks SET task_id = 469 WHERE id = 2301;
UPDATE public.sub_tasks SET task_id = 469 WHERE id = 2302;
UPDATE public.sub_tasks SET task_id = 469 WHERE id = 2303;
UPDATE public.sub_tasks SET task_id = 470 WHERE id = 2304;
UPDATE public.sub_tasks SET task_id = 470 WHERE id = 2305;
UPDATE public.sub_tasks SET task_id = 470 WHERE id = 2306;
UPDATE public.sub_tasks SET task_id = 470 WHERE id = 2307;
UPDATE public.sub_tasks SET task_id = 470 WHERE id = 2308;
UPDATE public.sub_tasks SET task_id = 471 WHERE id = 2309;
UPDATE public.sub_tasks SET task_id = 471 WHERE id = 2310;
UPDATE public.sub_tasks SET task_id = 471 WHERE id = 2311;
UPDATE public.sub_tasks SET task_id = 471 WHERE id = 2312;
UPDATE public.sub_tasks SET task_id = 471 WHERE id = 2313;
UPDATE public.sub_tasks SET task_id = 472 WHERE id = 2314;
UPDATE public.sub_tasks SET task_id = 472 WHERE id = 2315;
UPDATE public.sub_tasks SET task_id = 472 WHERE id = 2316;
UPDATE public.sub_tasks SET task_id = 472 WHERE id = 2317;
UPDATE public.sub_tasks SET task_id = 472 WHERE id = 2318;
UPDATE public.sub_tasks SET task_id = 473 WHERE id = 2319;
UPDATE public.sub_tasks SET task_id = 473 WHERE id = 2320;
UPDATE public.sub_tasks SET task_id = 473 WHERE id = 2321;
UPDATE public.sub_tasks SET task_id = 473 WHERE id = 2322;
UPDATE public.sub_tasks SET task_id = 473 WHERE id = 2323;
UPDATE public.sub_tasks SET task_id = 474 WHERE id = 2324;
UPDATE public.sub_tasks SET task_id = 474 WHERE id = 2325;
UPDATE public.sub_tasks SET task_id = 474 WHERE id = 2326;
UPDATE public.sub_tasks SET task_id = 474 WHERE id = 2327;
UPDATE public.sub_tasks SET task_id = 474 WHERE id = 2328;
UPDATE public.sub_tasks SET task_id = 475 WHERE id = 2329;
UPDATE public.sub_tasks SET task_id = 475 WHERE id = 2330;
UPDATE public.sub_tasks SET task_id = 475 WHERE id = 2331;
UPDATE public.sub_tasks SET task_id = 475 WHERE id = 2332;
UPDATE public.sub_tasks SET task_id = 475 WHERE id = 2333;
UPDATE public.sub_tasks SET task_id = 476 WHERE id = 2334;
UPDATE public.sub_tasks SET task_id = 476 WHERE id = 2335;
UPDATE public.sub_tasks SET task_id = 476 WHERE id = 2336;
UPDATE public.sub_tasks SET task_id = 476 WHERE id = 2337;
UPDATE public.sub_tasks SET task_id = 476 WHERE id = 2338;
UPDATE public.sub_tasks SET task_id = 477 WHERE id = 2339;
UPDATE public.sub_tasks SET task_id = 477 WHERE id = 2340;
UPDATE public.sub_tasks SET task_id = 477 WHERE id = 2341;
UPDATE public.sub_tasks SET task_id = 477 WHERE id = 2342;
UPDATE public.sub_tasks SET task_id = 477 WHERE id = 2343;
UPDATE public.sub_tasks SET task_id = 478 WHERE id = 2344;
UPDATE public.sub_tasks SET task_id = 478 WHERE id = 2345;
UPDATE public.sub_tasks SET task_id = 478 WHERE id = 2346;
UPDATE public.sub_tasks SET task_id = 478 WHERE id = 2347;
UPDATE public.sub_tasks SET task_id = 478 WHERE id = 2348;
UPDATE public.sub_tasks SET task_id = 479 WHERE id = 2349;
UPDATE public.sub_tasks SET task_id = 479 WHERE id = 2350;
UPDATE public.sub_tasks SET task_id = 479 WHERE id = 2351;
UPDATE public.sub_tasks SET task_id = 479 WHERE id = 2352;
UPDATE public.sub_tasks SET task_id = 479 WHERE id = 2353;
UPDATE public.sub_tasks SET task_id = 480 WHERE id = 2354;
UPDATE public.sub_tasks SET task_id = 480 WHERE id = 2355;
UPDATE public.sub_tasks SET task_id = 480 WHERE id = 2356;
UPDATE public.sub_tasks SET task_id = 480 WHERE id = 2357;
UPDATE public.sub_tasks SET task_id = 480 WHERE id = 2358;
UPDATE public.sub_tasks SET task_id = 481 WHERE id = 2359;
UPDATE public.sub_tasks SET task_id = 481 WHERE id = 2360;
UPDATE public.sub_tasks SET task_id = 481 WHERE id = 2361;
UPDATE public.sub_tasks SET task_id = 481 WHERE id = 2362;
UPDATE public.sub_tasks SET task_id = 481 WHERE id = 2363;
UPDATE public.sub_tasks SET task_id = 482 WHERE id = 2364;
UPDATE public.sub_tasks SET task_id = 482 WHERE id = 2365;
UPDATE public.sub_tasks SET task_id = 482 WHERE id = 2366;
UPDATE public.sub_tasks SET task_id = 482 WHERE id = 2367;
UPDATE public.sub_tasks SET task_id = 482 WHERE id = 2368;
UPDATE public.sub_tasks SET task_id = 483 WHERE id = 2369;
UPDATE public.sub_tasks SET task_id = 483 WHERE id = 2370;
UPDATE public.sub_tasks SET task_id = 483 WHERE id = 2371;
UPDATE public.sub_tasks SET task_id = 483 WHERE id = 2372;
UPDATE public.sub_tasks SET task_id = 483 WHERE id = 2373;
UPDATE public.sub_tasks SET task_id = 484 WHERE id = 2374;
UPDATE public.sub_tasks SET task_id = 484 WHERE id = 2375;
UPDATE public.sub_tasks SET task_id = 484 WHERE id = 2376;
UPDATE public.sub_tasks SET task_id = 484 WHERE id = 2377;
UPDATE public.sub_tasks SET task_id = 484 WHERE id = 2378;
UPDATE public.sub_tasks SET task_id = 485 WHERE id = 2379;
UPDATE public.sub_tasks SET task_id = 485 WHERE id = 2380;
UPDATE public.sub_tasks SET task_id = 485 WHERE id = 2381;
UPDATE public.sub_tasks SET task_id = 485 WHERE id = 2382;
UPDATE public.sub_tasks SET task_id = 485 WHERE id = 2383;
UPDATE public.sub_tasks SET task_id = 486 WHERE id = 2384;
UPDATE public.sub_tasks SET task_id = 486 WHERE id = 2385;
UPDATE public.sub_tasks SET task_id = 486 WHERE id = 2386;
UPDATE public.sub_tasks SET task_id = 486 WHERE id = 2387;
UPDATE public.sub_tasks SET task_id = 486 WHERE id = 2388;
UPDATE public.sub_tasks SET task_id = 487 WHERE id = 2389;
UPDATE public.sub_tasks SET task_id = 487 WHERE id = 2390;
UPDATE public.sub_tasks SET task_id = 487 WHERE id = 2391;
UPDATE public.sub_tasks SET task_id = 487 WHERE id = 2392;
UPDATE public.sub_tasks SET task_id = 487 WHERE id = 2393;
UPDATE public.sub_tasks SET task_id = 488 WHERE id = 2394;
UPDATE public.sub_tasks SET task_id = 488 WHERE id = 2395;
UPDATE public.sub_tasks SET task_id = 488 WHERE id = 2396;
UPDATE public.sub_tasks SET task_id = 488 WHERE id = 2397;
UPDATE public.sub_tasks SET task_id = 488 WHERE id = 2398;
UPDATE public.sub_tasks SET task_id = 489 WHERE id = 2399;
UPDATE public.sub_tasks SET task_id = 489 WHERE id = 2400;
UPDATE public.sub_tasks SET task_id = 489 WHERE id = 2401;
UPDATE public.sub_tasks SET task_id = 489 WHERE id = 2402;
UPDATE public.sub_tasks SET task_id = 489 WHERE id = 2403;
UPDATE public.sub_tasks SET task_id = 490 WHERE id = 2404;
UPDATE public.sub_tasks SET task_id = 490 WHERE id = 2405;
UPDATE public.sub_tasks SET task_id = 490 WHERE id = 2406;
UPDATE public.sub_tasks SET task_id = 490 WHERE id = 2407;
UPDATE public.sub_tasks SET task_id = 490 WHERE id = 2408;
UPDATE public.sub_tasks SET task_id = 491 WHERE id = 2409;
UPDATE public.sub_tasks SET task_id = 491 WHERE id = 2410;
UPDATE public.sub_tasks SET task_id = 491 WHERE id = 2411;
UPDATE public.sub_tasks SET task_id = 491 WHERE id = 2412;
UPDATE public.sub_tasks SET task_id = 491 WHERE id = 2413;
UPDATE public.sub_tasks SET task_id = 492 WHERE id = 2414;
UPDATE public.sub_tasks SET task_id = 492 WHERE id = 2415;
UPDATE public.sub_tasks SET task_id = 492 WHERE id = 2416;
UPDATE public.sub_tasks SET task_id = 492 WHERE id = 2417;
UPDATE public.sub_tasks SET task_id = 492 WHERE id = 2418;
UPDATE public.sub_tasks SET task_id = 493 WHERE id = 2419;
UPDATE public.sub_tasks SET task_id = 493 WHERE id = 2420;
UPDATE public.sub_tasks SET task_id = 493 WHERE id = 2421;
UPDATE public.sub_tasks SET task_id = 493 WHERE id = 2422;
UPDATE public.sub_tasks SET task_id = 493 WHERE id = 2423;
UPDATE public.sub_tasks SET task_id = 494 WHERE id = 2424;
UPDATE public.sub_tasks SET task_id = 494 WHERE id = 2425;
UPDATE public.sub_tasks SET task_id = 494 WHERE id = 2426;
UPDATE public.sub_tasks SET task_id = 494 WHERE id = 2427;
UPDATE public.sub_tasks SET task_id = 494 WHERE id = 2428;
UPDATE public.sub_tasks SET task_id = 495 WHERE id = 2429;
UPDATE public.sub_tasks SET task_id = 495 WHERE id = 2430;
UPDATE public.sub_tasks SET task_id = 495 WHERE id = 2431;
UPDATE public.sub_tasks SET task_id = 495 WHERE id = 2432;
UPDATE public.sub_tasks SET task_id = 495 WHERE id = 2433;
UPDATE public.sub_tasks SET task_id = 496 WHERE id = 2434;
UPDATE public.sub_tasks SET task_id = 496 WHERE id = 2435;
UPDATE public.sub_tasks SET task_id = 496 WHERE id = 2436;
UPDATE public.sub_tasks SET task_id = 496 WHERE id = 2437;
UPDATE public.sub_tasks SET task_id = 496 WHERE id = 2438;
UPDATE public.sub_tasks SET task_id = 497 WHERE id = 2439;
UPDATE public.sub_tasks SET task_id = 497 WHERE id = 2440;
UPDATE public.sub_tasks SET task_id = 497 WHERE id = 2441;
UPDATE public.sub_tasks SET task_id = 497 WHERE id = 2442;
UPDATE public.sub_tasks SET task_id = 497 WHERE id = 2443;
UPDATE public.sub_tasks SET task_id = 498 WHERE id = 2444;
UPDATE public.sub_tasks SET task_id = 498 WHERE id = 2445;
UPDATE public.sub_tasks SET task_id = 498 WHERE id = 2446;
UPDATE public.sub_tasks SET task_id = 498 WHERE id = 2447;
UPDATE public.sub_tasks SET task_id = 498 WHERE id = 2448;
UPDATE public.sub_tasks SET task_id = 499 WHERE id = 2449;
UPDATE public.sub_tasks SET task_id = 499 WHERE id = 2450;
UPDATE public.sub_tasks SET task_id = 499 WHERE id = 2451;
UPDATE public.sub_tasks SET task_id = 499 WHERE id = 2452;
UPDATE public.sub_tasks SET task_id = 499 WHERE id = 2453;
UPDATE public.sub_tasks SET task_id = 500 WHERE id = 2454;
UPDATE public.sub_tasks SET task_id = 500 WHERE id = 2455;
UPDATE public.sub_tasks SET task_id = 500 WHERE id = 2456;
UPDATE public.sub_tasks SET task_id = 500 WHERE id = 2457;
UPDATE public.sub_tasks SET task_id = 500 WHERE id = 2458;
UPDATE public.sub_tasks SET task_id = 501 WHERE id = 2459;
UPDATE public.sub_tasks SET task_id = 501 WHERE id = 2460;
UPDATE public.sub_tasks SET task_id = 501 WHERE id = 2461;
UPDATE public.sub_tasks SET task_id = 501 WHERE id = 2462;
UPDATE public.sub_tasks SET task_id = 501 WHERE id = 2463;
UPDATE public.sub_tasks SET task_id = 502 WHERE id = 2464;
UPDATE public.sub_tasks SET task_id = 502 WHERE id = 2465;
UPDATE public.sub_tasks SET task_id = 502 WHERE id = 2466;
UPDATE public.sub_tasks SET task_id = 502 WHERE id = 2467;
UPDATE public.sub_tasks SET task_id = 502 WHERE id = 2468;
UPDATE public.sub_tasks SET task_id = 503 WHERE id = 2469;
UPDATE public.sub_tasks SET task_id = 503 WHERE id = 2470;
UPDATE public.sub_tasks SET task_id = 503 WHERE id = 2471;
UPDATE public.sub_tasks SET task_id = 503 WHERE id = 2472;
UPDATE public.sub_tasks SET task_id = 503 WHERE id = 2473;
UPDATE public.sub_tasks SET task_id = 504 WHERE id = 2474;
UPDATE public.sub_tasks SET task_id = 504 WHERE id = 2475;
UPDATE public.sub_tasks SET task_id = 504 WHERE id = 2476;
UPDATE public.sub_tasks SET task_id = 504 WHERE id = 2477;
UPDATE public.sub_tasks SET task_id = 504 WHERE id = 2478;
UPDATE public.sub_tasks SET task_id = 505 WHERE id = 2479;
UPDATE public.sub_tasks SET task_id = 505 WHERE id = 2480;
UPDATE public.sub_tasks SET task_id = 505 WHERE id = 2481;
UPDATE public.sub_tasks SET task_id = 505 WHERE id = 2482;
UPDATE public.sub_tasks SET task_id = 505 WHERE id = 2483;
UPDATE public.sub_tasks SET task_id = 506 WHERE id = 2484;
UPDATE public.sub_tasks SET task_id = 506 WHERE id = 2485;
UPDATE public.sub_tasks SET task_id = 506 WHERE id = 2486;
UPDATE public.sub_tasks SET task_id = 506 WHERE id = 2487;
UPDATE public.sub_tasks SET task_id = 506 WHERE id = 2488;
UPDATE public.sub_tasks SET task_id = 507 WHERE id = 2489;
UPDATE public.sub_tasks SET task_id = 507 WHERE id = 2490;
UPDATE public.sub_tasks SET task_id = 507 WHERE id = 2491;
UPDATE public.sub_tasks SET task_id = 507 WHERE id = 2492;
UPDATE public.sub_tasks SET task_id = 507 WHERE id = 2493;
UPDATE public.sub_tasks SET task_id = 508 WHERE id = 2494;
UPDATE public.sub_tasks SET task_id = 508 WHERE id = 2495;
UPDATE public.sub_tasks SET task_id = 508 WHERE id = 2496;
UPDATE public.sub_tasks SET task_id = 508 WHERE id = 2497;
UPDATE public.sub_tasks SET task_id = 508 WHERE id = 2498;
UPDATE public.sub_tasks SET task_id = 509 WHERE id = 2499;
UPDATE public.sub_tasks SET task_id = 509 WHERE id = 2500;
UPDATE public.sub_tasks SET task_id = 509 WHERE id = 2501;
UPDATE public.sub_tasks SET task_id = 509 WHERE id = 2502;
UPDATE public.sub_tasks SET task_id = 509 WHERE id = 2503;
SELECT setval('"public"."TaskLists_id_seq"'::regclass, (SELECT MAX("id") FROM "public"."projects"));
SELECT setval('"public"."Tasks_id_seq"'::regclass, (SELECT MAX("id") FROM "public"."tasks"));
SELECT setval('"public"."sub_tasks_id_seq"'::regclass, (SELECT MAX("id") FROM "public"."sub_tasks"));

